4949,206607,941,877,917,924,897,881,912,888,910,850,915,916,876,887,918,870,866,946,903,916,861,916,854,832,879,870,886,930,920,909,892,886,902,889,860,932,781,878,919,849,903,882,873,855,907,864,950,931,929,867
4950,203266,894,909,1022,905,970,921,915,922,911,903,989,955,925,903,904,866,913,888,858,881,928,934,883,929,925,913,924,946,919,916,935,929,915,895,917,841,901,929,925,874,959,884,907,988,891,885,883,920,963,910
4951,198690,871,854,828,860,807,872,830,795,833,876,781,844,888,835,848,826,817,811,859,839,804,835,824,820,909,846,826,797,895,887,824,892,837,875,811,859,820,765,788,863,796,818,840,837,831,852,796,828,846,831
4808,197239,882,852,879,830,852,901,906,852,840,878,907,814,854,859,883,910,848,866,820,889,852,842,859,866,905,835,832,858,869,836,825,836,866,871,852,816,856,864,880,885,902,855,843,880,833,873,825,835,901,876
5093,193272,857,819,842,842,864,877,818,831,850,866,833,813,853,858,896,860,869,883,818,866,813,867,816,853,814,831,890,844,905,847,830,876,855,855,812,878,883,894,849,816,861,850,843,805,856,851,842,805,853,806
4809,192275,867,898,918,876,834,898,896,883,879,870,853,936,875,866,878,942,911,923,923,924,847,925,898,890,862,894,884,914,878,941,877,921,870,860,914,870,861,869,835,884,862,920,865,886,880,907,945,870,907,873
5094,179963,752,799,767,784,771,759,790,814,800,819,738,806,801,799,807,787,800,800,826,782,742,790,784,767,779,766,762,779,736,781,800,764,745,805,782,736,783,810,765,790,722,750,802,778,757,815,786,774,767,749
4810,177846,829,789,803,793,857,764,822,792,784,777,846,813,826,830,808,806,810,805,814,815,783,815,821,791,818,823,841,827,806,852,810,821,797,811,815,786,817,799,834,770,773,789,807,806,788,830,830,803,797,802
5092,169152,832,825,861,839,868,866,794,863,811,830,826,848,825,833,773,788,835,843,829,910,796,867,809,830,842,873,828,844,814,809,808,822,825,865,834,801,900,827,850,820,859,793,849,851,831,805,799,855,807,834
4948,150277,817,813,810,773,787,772,779,786,828,810,836,850,795,831,762,828,782,813,824,803,848,787,804,816,800,816,810,782,839,801,826,849,832,798,818,843,780,810,827,812,815,768,766,847,825,816,784,831,816,832
4665,139452,766,732,741,731,793,727,739,773,773,763,726,744,695,775,730,781,747,734,774,743,762,754,731,758,808,755,723,793,758,690,751,772,744,774,767,734,799,754,743,747,716,754,690,763,796,767,731,718,791,730
4807,132036,766,735,741,747,768,798,807,747,784,761,733,742,743,753,806,774,798,802,783,725,766,764,742,763,772,758,789,754,764,743,773,749,763,809,746,794,799,803,811,783,777,724,817,785,760,734,726,799,780,761
5091,125794,674,704,763,723,722,717,762,766,704,705,746,761,721,778,791,750,779,797,739,760,733,740,692,718,764,727,758,751,781,700,749,767,761,768,733,727,742,791,761,802,770,768,783,729,768,748,735,753,779,779
4666,117418,793,778,771,825,777,747,787,756,763,790,810,788,747,823,816,793,766,804,813,719,733,774,804,751,746,760,806,779,800,771,776,736,778,711,784,795,793,756,749,761,808,791,740,793,795,811,761,746,859,782
4667,79353,747,703,737,740,702,700,695,716,758,720,734,753,708,734,717,736,760,695,729,733,670,761,730,665,716,743,718,690,720,712,719,709,694,739,726,710,720,769,702,756,729,729,704,668,698,711,732,734,753,712
4952,71110,725,723,732,754,736,734,700,749,757,716,771,701,742,707,712,764,680,740,718,717,724,701,740,719,752,734,753,776,731,720,733,815,722,741,751,701,670,734,674,700,722,711,768,692,760,707,729,771,724,724
5238,70961,741,773,702,733,735,744,736,713,729,767,760,709,724,723,742,687,747,687,763,710,723,750,715,752,745,752,752,713,774,741,718,707,690,757,739,761,764,662,770,726,722,747,735,720,786,740,747,759,771,783
5239,65736,699,679,694,697,714,702,680,711,706,737,696,702,736,713,668,700,703,653,722,717,675,699,670,668,689,715,668,742,702,695,724,677,724,712,715,667,658,716,654,711,674,698,664,723,687,707,689,678,686,679
8909,57734,297,321,340,346,319,318,306,303,329,303,310,313,330,324,325,280,333,339,319,320,322,262,306,320,336,324,308,302,322,316,317,356,312,322,329,323,311,309,349,334,334,274,305,303,338,334,313,332,323,344
8908,57432,271,303,339,322,304,364,310,360,328,310,348,342,312,321,328,296,310,339,310,340,302,305,326,316,302,320,316,294,347,342,320,324,326,315,335,320,328,302,307,366,311,298,341,355,310,314,312,278,302,291
5095,56753,738,715,701,679,682,737,735,698,734,682,676,765,740,684,692,705,683,742,694,666,662,736,771,656,665,707,749,749,712,654,725,727,723,666,698,698,737,699,653,705,706,693,769,691,658,733,706,708,705,669
4947,53601,689,627,680,704,659,680,684,723,678,693,677,680,647,665,679,718,623,619,674,691,658,690,694,682,686,662,703,697,714,673,663,698,697,622,677,664,636,698,678,672,621,655,681,690,647,734,684,666,697,677
9049,44761,308,348,319,287,299,303,309,337,287,315,355,321,305,317,289,321,313,331,325,322,309,313,310,305,320,277,300,323,351,315,320,322,314,297,302,329,310,334,314,305,297,337,287,306,308,305,302,358,311,347
5237,43323,763,758,740,744,741,714,667,733,718,729,749,713,728,725,741,719,724,725,729,771,724,741,738,692,747,810,742,729,733,692,723,706,763,748,690,741,722,741,772,781,696,728,722,709,739,708,780,707,727,690
4811,42356,709,686,768,716,704,741,691,678,714,717,659,664,733,688,709,732,731,636,693,725,724,702,721,740,734,736,710,708,705,721,679,700,726,695,732,701,705,698,752,721,689,738,702,700,748,646,709,729,657,751
5090,42086,645,657,659,644,594,615,659,674,649,633,655,654,649,662,662,666,644,679,641,672,659,647,646,650,633,665,649,658,670,598,648,632,629,704,637,643,660,679,659,633,676,635,624,624,694,624,627,619,708,661
8766,40627,298,289,297,305,311,309,306,322,327,330,302,303,327,284,307,303,355,301,320,297,323,324,302,303,301,280,316,321,293,268,314,290,323,305,281,311,313,309,296,294,327,314,289,307,281,278,303,315,330,290
9050,36919,333,307,325,302,293,294,352,294,313,305,302,306,309,307,306,310,285,327,316,331,295,320,282,323,322,277,310,334,308,315,345,316,309,291,294,319,301,330,316,343,328,292,307,328,303,320,317,323,300,306
4664,35906,702,663,740,760,717,711,703,695,759,679,679,690,695,733,719,735,702,665,710,722,721,715,759,683,743,694,703,648,697,653,665,696,700,700,703,706,706,704,670,708,755,653,728,683,671,654,659,662,698,650
5262,33487,227,276,229,245,270,247,221,252,223,231,256,253,243,231,236,238,239,273,236,229,279,222,225,243,234,251,249,260,232,263,260,256,250,271,245,245,252,272,246,244,273,238,267,262,285,236,233,241,259,223
4806,32347,675,662,662,672,614,644,634,707,662,654,694,644,659,590,673,616,652,671,684,626,614,660,622,616,697,671,632,683,654,649,667,639,666,657,667,659,645,648,616,630,650,627,657,642,698,647,687,674,672,698
8767,31747,315,337,301,304,321,306,328,310,306,333,332,311,307,338,338,335,307,330,320,318,350,291,323,341,316,300,359,320,305,322,292,322,312,285,317,304,280,324,288,332,313,306,308,317,296,316,288,304,307,324
8910,29396,319,292,315,328,331,308,297,296,288,279,305,290,285,306,294,301,261,283,343,300,313,304,299,322,274,304,291,290,324,290,306,344,318,315,320,276,278,298,308,323,326,289,298,273,259,286,287,332,312,288
8907,28492,317,326,310,284,306,318,321,313,308,329,323,325,341,305,318,304,302,358,302,308,323,316,335,327,273,307,265,299,328,273,298,278,291,306,294,270,318,322,304,309,322,309,303,312,325,311,324,318,305,318
1689,25584,202,221,191,212,210,218,183,187,228,219,235,223,192,242,195,221,224,245,231,195,218,202,229,192,221,196,230,211,218,186,232,247,199,201,195,207,184,242,197,223,220,208,216,213,227,209,209,210,207,212
9048,25019,325,280,302,301,276,284,284,295,301,292,294,293,309,285,302,307,291,271,306,299,265,320,294,306,327,285,301,308,297,318,346,313,279,323,267,300,313,295,321,287,313,328,318,304,299,333,292,300,339,324
5240,24899,609,636,626,659,644,579,616,549,612,632,594,682,640,595,618,625,634,633,634,649,624,624,637,649,621,599,647,618,630,612,606,637,654,616,578,637,622,577,628,632,653,615,605,610,649,553,642,666,629,612
4519,23201,620,659,679,633,632,638,653,634,632,636,624,662,668,678,671,627,653,682,661,658,631,647,664,631,671,609,646,646,624,651,648,657,624,603,625,666,621,638,636,653,613,668,647,666,662,647,636,631,625,596
5409,21151,270,264,280,276,234,246,231,279,253,234,276,252,291,275,281,260,232,270,236,274,247,282,270,279,227,232,242,262,237,277,289,261,279,243,246,259,257,292,274,275,265,266,230,258,235,257,240,270,261,257
5220,20997,271,262,268,273,249,275,259,264,269,274,286,247,264,247,246,250,291,237,266,235,286,231,293,255,260,274,251,238,269,273,292,253,271,264,234,253,260,298,277,252,267,274,265,265,252,253,269,291,246,270
2863,20452,262,275,249,240,248,273,275,245,262,265,268,245,238,258,248,256,253,226,247,257,256,264,253,263,225,255,254,252,268,257,226,242,240,259,270,272,248,243,267,253,243,251,231,231,241,255,239,262,254,220
1690,19411,222,221,199,201,238,216,204,231,213,226,244,211,215,220,218,238,199,198,206,217,208,212,218,210,196,221,216,218,223,213,242,202,233,195,235,224,220,222,197,213,214,219,205,232,214,202,230,209,213,210
9933,19315,158,168,176,183,191,182,170,170,154,188,207,190,189,188,174,182,173,172,156,185,180,169,171,154,181,169,179,180,175,201,192,143,162,175,174,187,176,187,156,198,187,183,170,164,171,175,183,159,180,209
9051,18793,305,283,319,326,312,311,310,285,290,297,306,312,308,289,261,318,268,278,308,284,292,292,329,299,281,309,294,298,295,302,324,330,314,322,295,316,294,301,269,290,319,302,331,281,287,292,326,319,260,321
5236,18377,627,646,661,684,667,664,750,674,674,673,673,656,651,670,652,653,670,714,686,676,664,695,643,693,668,700,635,718,676,647,671,670,650,705,703,619,711,629,677,674,656,729,676,684,681,661,703,697,652,669
2864,17321,235,288,260,257,278,272,257,256,258,238,237,252,249,249,258,215,242,257,237,267,227,233,257,262,258,276,262,273,254,257,250,269,258,218,258,241,254,224,241,237,207,284,271,246,259,259,248,269,242,226
5872,17118,162,169,162,154,183,156,194,183,153,163,177,180,161,191,174,174,169,169,175,163,174,172,169,176,176,175,187,137,161,152,176,172,174,167,164,183,182,180,174,164,177,184,162,171,158,171,169,167,175,181
4668,16373,635,653,627,657,630,636,657,661,629,657,644,681,640,639,658,653,681,628,613,653,655,609,639,672,666,638,640,636,677,647,629,661,616,650,636,646,644,635,648,627,605,626,626,607,639,643,645,646,624,643
9047,16191,288,293,265,277,297,279,272,293,295,266,278,306,283,298,272,283,253,274,280,273,275,255,286,280,287,264,298,320,288,281,269,277,287,284,266,275,277,268,266,302,283,280,286,286,277,277,274,294,262,274
5367,15761,242,265,269,275,264,252,292,254,253,262,286,251,249,270,268,255,274,247,297,253,269,302,278,288,246,292,246,278,259,256,268,250,279,280,247,252,267,276,248,305,279,270,265,235,261,275,240,260,266,260
9934,15603,182,163,160,188,175,172,182,191,184,186,190,180,209,176,169,186,184,171,192,171,203,161,179,200,166,184,163,189,182,232,187,175,190,183,174,166,170,187,176,167,216,175,187,188,191,188,179,185,188,164
5366,15563,245,271,256,262,279,262,269,259,271,269,240,250,237,263,298,281,284,260,247,238,264,272,258,265,269,269,258,264,260,258,232,292,262,246,271,270,254,283,264,243,244,243,271,253,249,242,272,258,270,245
5219,14977,278,283,278,266,274,270,276,296,270,248,272,267,265,280,265,264,260,253,285,265,284,254,259,268,244,258,286,261,259,274,244,262,240,266,296,280,266,239,262,260,274,268,284,274,287,277,281,268,255,264
4236,14783,365,343,345,369,367,345,358,335,384,393,355,380,397,401,346,396,343,343,368,383,337,328,323,338,401,344,372,372,341,360,382,319,371,376,363,387,340,350,361,345,386,396,345,321,378,346,354,332,362,348
5557,14537,269,254,242,255,274,260,237,259,258,257,244,248,261,260,267,258,252,225,245,260,250,246,248,239,262,233,249,228,257,228,284,245,245,242,256,256,272,254,242,272,236,248,260,254,250,252,237,236,239,246
9052,14397,261,290,252,273,266,283,300,276,288,289,245,255,279,264,261,340,237,272,261,313,255,266,251,275,272,309,267,299,287,278,255,272,277,255,282,261,269,254,273,276,254,269,291,280,255,268,279,290,258,242
1782,14177,243,208,182,214,211,197,229,208,235,254,224,216,245,229,206,229,193,201,206,204,238,213,240,229,216,213,228,207,233,241,233,220,220,214,210,227,205,201,231,222,197,214,224,239,206,242,200,215,205,241
2429,14174,176,180,199,194,186,189,205,164,178,184,179,175,187,189,174,179,203,172,205,172,182,202,189,169,191,192,201,189,222,206,193,170,198,162,200,182,171,223,201,186,162,197,186,170,177,153,190,191,197,179
9187,14156,312,298,269,298,289,287,305,318,302,271,267,277,296,280,275,272,308,266,294,288,314,317,283,304,306,306,290,294,266,288,310,263,322,301,287,275,309,277,303,298,290,283,307,289,306,314,297,285,305,264
4624,14094,160,181,162,167,184,180,193,180,178,168,168,176,178,167,166,181,183,163,193,202,184,172,186,172,162,186,179,165,184,170,168,162,146,177,149,186,164,180,178,173,157,144,170,149,165,170,172,156,159,198
3185,14011,227,240,231,233,229,264,233,228,241,228,229,234,240,236,243,214,251,252,242,242,224,262,247,224,229,239,248,239,207,221,243,237,240,220,233,231,238,252,238,251,258,233,232,247,213,232,245,233,220,210
6830,13768,249,264,241,217,234,241,232,234,247,244,230,227,251,242,264,248,224,232,230,247,228,225,243,227,246,239,235,250,236,260,214,239,225,220,245,223,266,253,248,243,224,236,235,219,272,260,249,226,243,247
6826,13430,246,224,245,229,232,228,235,271,246,227,239,260,251,246,277,248,259,247,238,267,230,232,233,265,262,228,246,265,253,238,227,256,226,200,248,241,235,257,214,259,243,223,243,243,219,267,275,241,240,226
6834,12912,236,213,243,236,195,224,208,226,203,229,243,214,241,242,240,214,236,222,224,211,230,228,229,223,238,217,237,250,215,225,220,241,204,204,243,234,208,217,222,229,212,273,215,235,213,232,242,233,233,233
5556,12627,237,263,270,224,234,246,277,255,263,243,240,243,246,270,284,251,251,277,259,261,262,259,257,273,258,244,260,244,264,239,248,272,252,229,256,241,264,262,240,254,267,249,268,285,256,233,262,236,264,234
2493,11979,223,220,226,200,220,222,234,215,235,221,238,221,234,228,223,216,245,232,243,262,238,231,233,233,241,237,240,206,223,211,220,238,217,190,211,223,211,214,193,187,219,209,212,202,225,248,198,206,237,211
9046,11837,275,265,245,255,271,280,244,252,272,260,269,277,265,241,277,264,238,236,276,275,260,253,269,237,251,259,276,246,272,264,271,251,278,264,270,238,253,243,246,245,241,263,241,262,246,264,246,254,231,250
968,11776,143,138,137,141,127,147,133,119,141,146,138,174,132,139,165,161,154,134,151,142,142,129,158,159,126,129,140,128,119,160,136,125,147,141,147,151,167,154,157,158,121,147,140,139,142,147,153,137,144,154
9316,11431,247,248,254,262,223,256,272,260,264,258,221,249,279,260,264,233,261,260,244,241,252,250,243,239,257,251,256,241,242,226,271,239,243,249,241,253,247,251,252,263,265,238,245,247,247,250,249,261,228,202
8626,11351,306,280,266,285,269,267,334,281,265,290,260,274,263,255,280,257,288,300,268,288,278,299,260,278,285,299,288,273,282,276,302,299,293,284,282,261,268,270,277,277,264,291,304,268,305,256,257,273,289,291
9186,11288,265,298,273,265,288,308,295,275,299,272,281,267,285,322,278,259,280,268,284,262,286,284,305,284,292,284,309,293,293,325,272,277,282,289,300,280,305,278,293,273,308,282,292,288,252,276,290,269,240,272
5385,11271,614,641,601,625,618,635,600,607,637,631,633,567,595,605,612,586,593,627,615,606,604,610,624,633,564,566,588,615,666,624,637,552,594,608,610,567,561,601,597,603,614,628,605,592,600,616,628,619,649,574
7001,11251,219,214,228,226,213,215,226,227,257,241,235,221,217,188,238,219,228,220,221,218,229,227,204,231,194,230,236,227,246,232,245,221,206,260,219,229,221,224,220,228,209,214,233,206,228,208,251,231,233,221
8911,11061,255,294,264,282,286,308,289,242,299,286,270,305,241,291,283,275,248,272,308,280,289,265,275,294,267,315,265,264,295,293,282,269,279,286,266,287,253,269,286,287,267,283,280,276,267,256,279,289,272,286
1783,11053,215,238,244,210,215,231,210,208,209,257,243,205,233,205,193,220,213,212,203,239,225,229,229,244,244,227,205,242,201,207,197,228,223,192,208,216,222,245,235,213,216,207,218,206,214,225,224,225,236,221
4520,11012,627,637,718,624,623,655,632,683,695,639,684,749,678,626,684,614,702,628,656,635,610,678,678,649,668,645,634,672,631,650,642,662,673,619,731,720,688,626,656,682,603,602,656,658,651,668,675,638,654,608
2294,10946,246,236,224,226,237,219,244,231,246,254,262,240,243,232,219,230,207,265,257,225,210,242,236,210,224,212,226,234,240,197,227,232,243,251,243,235,239,222,202,225,233,226,232,244,217,214,267,209,233,231
8628,10744,254,279,249,239,264,263,258,254,276,251,300,272,254,276,280,272,295,273,275,295,268,291,288,270,286,267,252,265,255,271,259,251,259,267,233,253,265,292,271,277,274,273,282,284,278,268,275,271,273,258
5558,10524,262,255,238,278,251,242,256,228,233,259,241,266,235,236,274,245,229,292,248,280,241,232,219,259,237,220,220,249,241,247,197,263,211,266,217,265,261,251,233,240,239,228,262,239,271,244,249,231,259,257
8768,10406,313,302,328,322,271,287,292,304,291,291,272,293,267,307,263,330,302,315,273,301,274,289,309,311,297,304,337,307,289,291,321,313,283,296,286,305,321,328,330,302,304,310,299,308,305,299,294,296,298,303
6993,10185,244,250,254,230,255,245,239,221,225,229,243,232,222,257,251,196,258,265,243,224,265,206,234,248,222,226,234,245,215,225,207,249,251,235,221,202,234,243,241,200,231,240,218,239,222,242,234,225,228,235
5261,10178,257,250,245,254,231,232,229,266,253,255,269,274,275,245,290,263,272,236,262,242,263,277,259,308,275,277,275,271,270,263,286,255,240,254,268,283,248,234,278,270,256,236,223,266,255,264,257,266,273,269
5408,10099,251,275,266,262,236,275,273,256,297,243,260,258,276,265,278,244,265,267,252,240,261,263,279,244,239,279,257,281,263,248,247,258,228,257,237,269,264,263,239,252,275,240,260,269,269,272,262,271,240,232
5221,9923,268,285,275,303,271,262,273,254,260,276,248,279,258,270,302,272,228,257,295,320,275,285,241,284,296,239,282,266,262,254,285,268,280,281,263,256,279,253,272,253,281,284,288,302,277,325,265,254,266,260
8765,9721,298,293,284,292,312,294,286,301,287,305,286,287,295,282,319,304,278,293,292,304,280,304,297,273,309,281,304,293,294,318,281,289,295,281,292,311,307,344,311,288,311,299,296,317,316,321,297,294,301,312
4521,9572,598,579,609,599,599,622,627,586,593,591,618,577,626,624,619,665,591,618,640,639,629,593,607,605,596,635,622,598,634,614,635,642,622,586,619,598,604,595,630,625,590,594,620,604,596,652,571,562,600,600
8763,9501,246,244,270,247,269,218,266,229,233,250,282,275,256,246,267,258,264,237,276,280,294,252,244,283,219,240,251,248,273,236,282,265,251,211,269,217,283,245,243,241,242,257,243,296,197,236,271,260,270,266
8912,9491,228,257,254,280,254,252,261,287,257,257,251,270,245,251,231,262,247,255,255,261,282,245,248,277,278,256,269,243,254,295,257,256,269,239,234,242,230,271,245,261,278,275,263,249,244,264,249,258,271,235
8487,9379,252,244,252,241,224,218,209,210,227,197,225,232,260,219,242,249,230,239,225,234,230,221,228,216,249,210,230,234,247,240,234,211,223,251,252,221,240,234,216,209,236,226,243,207,235,256,199,241,225,215
5072,9253,224,240,263,227,231,245,237,256,245,236,269,271,216,202,252,229,234,238,220,232,231,227,250,252,253,229,250,245,258,270,248,229,239,247,246,220,249,226,247,235,239,204,230,251,227,232,232,230,250,259
10377,9153,138,109,116,145,148,135,141,127,143,137,133,125,116,118,145,140,128,140,134,127,132,134,125,144,121,140,125,137,133,125,159,102,124,140,144,136,155,136,127,150,155,124,127,124,121,117,142,130,129,131
10366,8970,155,127,151,126,131,153,161,140,145,154,136,140,142,156,138,135,135,127,132,149,160,132,136,143,140,148,139,131,129,163,146,125,176,143,132,156,171,130,132,143,136,144,156,120,134,126,133,146,151,136
3969,8892,216,191,224,222,228,209,197,247,236,240,227,235,222,228,214,233,229,220,244,242,223,246,239,204,214,200,260,209,204,218,237,223,239,239,202,226,203,235,218,229,210,235,222,219,248,231,222,226,225,200
2605,8883,219,230,228,208,212,235,241,221,206,232,229,210,217,249,243,215,241,221,236,242,224,236,210,230,220,217,242,217,223,229,213,250,234,213,217,253,237,220,233,216,234,224,224,228,247,228,208,213,241,228
8764,8736,270,279,250,288,255,288,283,252,265,232,296,279,275,262,264,285,287,291,285,278,260,257,279,271,277,286,251,289,240,251,261,249,263,290,276,295,274,255,296,261,259,250,253,292,276,261,249,296,280,282
8473,8701,172,173,174,176,179,168,152,193,172,154,162,161,162,158,181,175,163,185,164,176,188,196,172,169,180,160,177,181,178,175,168,157,165,193,161,182,174,174,183,163,144,155,161,169,172,167,195,170,183,168
5234,8587,512,491,499,496,523,527,478,508,479,466,520,496,551,513,494,494,507,510,470,500,459,497,511,505,486,498,474,485,493,500,492,491,503,512,525,503,508,497,501,485,461,516,498,515,509,454,516,525,507,521
6672,8541,213,203,199,177,200,213,202,216,195,209,225,192,177,190,225,198,205,209,195,193,189,205,201,197,207,193,219,182,202,178,187,184,202,224,195,208,208,214,171,173,182,207,201,186,193,228,220,209,197,198
1599,8446,210,210,188,241,204,225,272,203,230,204,191,216,201,209,181,221,198,206,210,241,189,186,224,226,216,207,209,191,233,205,218,231,186,223,226,201,229,234,194,244,217,226,195,199,196,203,221,195,207,215
9878,8419,204,171,193,194,184,161,194,182,189,183,229,194,190,182,176,187,171,164,177,171,169,165,149,170,188,203,173,183,176,209,186,189,187,153,187,208,184,202,184,184,174,177,189,173,190,181,186,209,196,175
8906,8291,311,300,294,291,291,301,270,314,286,305,294,331,266,276,263,286,327,276,274,302,309,261,280,294,288,241,269,296,292,260,229,291,305,295,277,283,276,295,271,300,265,299,321,275,256,287,275,286,292,276
3940,8260,282,269,302,281,328,263,276,327,302,294,294,308,290,304,290,298,307,303,311,286,308,306,302,326,337,298,298,312,288,296,297,274,305,299,296,290,305,306,284,313,315,312,299,328,291,287,313,304,305,286
5476,8084,169,148,186,154,190,155,174,164,159,189,174,146,170,160,158,153,170,177,132,147,164,188,147,160,148,189,154,171,151,167,166,179,173,156,168,157,152,148,170,163,158,155,167,126,181,163,167,164,179,160
9426,8054,167,145,152,164,161,158,173,187,160,170,169,181,188,183,142,161,143,150,148,172,158,151,161,162,156,161,144,144,164,164,141,149,174,170,166,152,122,159,155,151,183,162,172,166,165,168,140,149,182,160
3762,7928,142,130,130,163,149,176,144,149,169,140,150,141,169,161,154,152,159,152,146,137,158,148,160,158,151,149,139,189,153,131,148,161,157,171,127,169,158,151,145,147,150,144,139,123,167,134,149,134,163,155
8905,7922,259,252,281,253,253,283,253,274,269,237,251,252,270,273,248,253,256,252,289,247,269,241,247,235,262,273,259,229,255,251,261,269,253,259,290,286,235,250,258,276,285,238,258,298,276,299,269,272,259,224
5258,7911,221,256,254,267,253,254,240,257,241,271,233,251,242,267,270,255,236,257,252,232,236,225,230,248,246,246,227,236,256,215,221,256,266,288,242,250,239,250,227,229,235,268,264,260,279,250,242,251,234,227
5257,7809,250,265,252,265,260,227,250,275,236,246,244,238,257,282,241,238,259,241,275,246,240,276,273,263,259,250,240,247,253,216,231,281,260,281,260,237,253,246,198,214,235,270,272,230,257,243,254,226,243,246
2538,7804,216,194,196,192,190,196,186,185,200,189,182,190,194,178,184,194,204,203,195,187,215,160,183,166,209,183,194,223,196,192,186,164,201,179,202,181,195,189,187,193,194,193,195,172,199,171,206,203,177,193
8914,7776,212,201,221,215,215,220,229,220,213,226,250,218,216,217,207,229,238,251,238,200,237,229,230,216,215,218,216,228,242,237,209,213,198,198,205,202,233,226,191,202,214,221,216,223,224,218,219,226,217,186
6543,7763,133,110,120,132,99,122,105,122,138,125,132,132,120,124,122,122,112,112,132,137,117,151,112,131,121,111,110,120,124,135,141,131,107,97,117,150,131,136,134,120,116,130,117,114,110,122,129,130,133,132
5384,7746,568,609,631,590,599,586,573,589,611,636,644,583,611,577,590,587,582,600,550,597,592,575,596,589,546,582,661,625,560,556,602,597,605,619,593,586,606,600,591,622,552,580,559,613,565,578,591,592,600,613
8769,7737,296,287,248,278,290,285,282,261,277,271,292,233,278,286,278,261,267,265,248,285,283,289,257,271,311,279,251,283,255,280,259,277,276,256,263,276,244,263,297,271,263,298,267,309,264,262,309,297,268,271
9053,7726,252,270,253,279,247,248,240,259,257,265,268,242,267,280,265,232,242,224,281,256,227,233,239,274,242,265,275,245,249,266,234,246,214,252,267,233,242,247,267,243,250,239,265,275,250,261,242,240,240,253
9932,7676,166,192,173,145,162,157,198,184,203,193,193,180,187,192,186,218,167,192,184,187,187,198,186,197,179,181,182,166,181,197,172,190,167,181,189,171,179,167,181,187,167,152,176,171,174,167,167,185,206,174
2193,7653,239,227,261,220,213,226,226,222,250,210,199,210,252,236,208,230,227,214,221,225,231,225,217,235,198,248,221,230,224,221,237,244,236,215,223,236,248,205,211,230,228,217,236,233,225,227,233,199,243,244
5989,7642,276,342,330,311,321,349,347,294,322,314,311,329,338,315,299,373,345,307,313,291,345,320,301,315,301,268,308,294,293,298,330,297,304,331,328,326,326,319,344,328,295,322,331,318,305,301,301,314,309,296
5988,7583,366,317,322,345,355,284,298,297,317,335,319,322,321,337,331,340,330,328,330,325,319,327,385,350,331,339,321,332,294,343,323,331,300,337,310,308,305,313,330,307,309,333,310,328,317,337,305,363,327,341
8625,7574,282,280,284,293,277,273,301,256,245,261,289,261,301,278,303,248,296,278,284,274,283,277,254,273,256,286,287,285,264,272,253,267,289,260,289,285,244,272,273,292,271,279,282,233,292,292,234,273,235,276
9877,7530,177,176,173,184,182,186,196,168,196,186,174,143,194,185,173,174,172,173,180,168,217,170,172,192,182,197,180,207,184,185,173,186,184,176,170,166,181,178,206,186,187,187,155,185,185,183,174,181,181,189
8762,7489,239,246,224,253,235,219,220,248,245,231,243,244,247,266,240,215,206,247,239,229,237,232,259,240,229,249,265,246,222,240,219,202,240,198,264,262,215,237,261,232,238,217,228,222,232,232,224,217,238,240
6831,7472,226,241,269,216,218,235,222,219,238,252,257,220,241,236,229,242,257,241,199,248,221,267,221,232,251,237,233,247,253,264,252,222,258,233,239,238,253,226,231,236,244,248,247,261,254,219,237,252,239,230
4478,7468,195,151,181,179,194,139,178,163,188,178,174,173,158,178,163,186,167,178,198,195,187,179,179,179,176,175,169,195,170,191,182,184,168,168,196,173,178,202,160,182,183,189,179,169,163,179,173,179,185,164
2321,7433,182,195,178,195,182,181,182,184,182,186,196,173,204,176,190,168,208,188,170,167,180,177,189,194,182,188,207,191,186,207,194,183,183,171,204,196,189,191,204,202,174,212,174,192,218,191,170,176,171,192
1981,7413,214,210,213,221,203,216,233,198,189,232,235,227,213,214,226,230,216,225,211,232,237,225,217,232,232,225,197,204,217,227,202,210,229,221,207,216,228,221,192,203,219,249,220,205,216,240,236,249,216,235
9045,7395,227,225,251,245,234,245,241,254,248,236,253,232,244,240,232,243,254,279,229,254,227,223,238,238,262,255,217,260,227,200,215,237,223,233,242,232,210,237,236,221,253,254,262,265,242,232,237,240,224,248
3654,7394,169,188,177,179,171,184,178,170,209,212,174,207,197,204,191,186,163,200,178,190,181,182,205,178,188,174,186,214,156,199,185,184,200,207,164,169,198,214,168,219,191,186,191,203,190,202,192,220,198,179
5705,7370,228,235,234,246,274,248,276,262,267,243,232,224,232,233,256,254,248,247,242,256,223,251,260,259,241,253,228,243,252,228,236,259,246,235,232,247,272,226,248,230,241,241,227,230,232,242,287,240,259,265
9044,7364,229,236,232,232,214,220,211,229,233,210,232,231,223,225,203,210,204,210,227,239,214,216,229,207,246,211,205,233,217,231,236,217,214,216,180,215,206,218,220,191,230,202,225,226,202,223,206,228,202,212
9140,7274,153,164,156,148,153,148,142,130,146,165,150,131,154,135,167,153,150,152,154,161,160,136,138,154,157,139,150,156,131,153,156,158,142,143,134,152,161,146,164,133,151,149,151,139,149,143,155,158,163,139
5117,7264,230,259,223,256,265,246,247,286,257,266,268,235,291,249,253,254,257,235,249,274,239,269,245,242,260,289,273,257,244,236,251,247,283,253,246,231,254,251,228,283,253,284,267,229,285,223,251,245,283,259
9182,7252,227,230,205,200,254,213,229,208,225,216,190,223,217,196,189,218,204,212,194,206,232,223,200,228,216,233,194,222,234,226,211,227,217,213,203,202,225,204,213,211,225,214,215,218,200,222,189,240,204,213
2749,7121,251,240,254,251,231,263,225,245,263,241,246,273,249,246,240,241,248,256,217,259,248,230,226,256,268,261,282,282,250,242,248,254,265,258,262,247,226,277,225,255,247,271,252,238,238,246,259,259,271,247
8488,7094,252,237,204,193,225,227,221,211,218,231,223,210,238,205,211,208,212,235,215,203,210,188,252,215,218,218,230,205,229,221,220,224,223,245,198,213,201,220,230,210,203,224,229,206,212,211,236,224,232,213
5871,7074,170,165,174,202,172,167,186,186,175,183,159,151,165,175,170,159,204,173,176,159,187,151,175,168,171,178,169,178,170,189,188,179,201,171,158,179,173,157,168,143,183,188,169,174,162,184,168,195,180,163
2604,7054,234,236,225,234,234,233,199,210,217,225,224,239,231,216,214,204,231,229,215,221,225,256,206,215,214,189,211,242,212,223,201,247,209,222,193,244,249,214,228,224,228,243,191,224,241,210,209,215,188,223
899,6432,171,128,167,130,137,140,120,138,157,152,138,145,166,134,150,128,145,167,149,151,147,151,122,148,138,173,133,134,141,133,156,139,149,161,147,115,139,145,131,156,149,154,125,159,147,147,133,154,166,142
5387,4622,522,545,502,530,519,538,528,505,511,524,519,547,519,556,526,492,532,528,548,567,567,507,507,552,545,511,511,548,533,551,492,543,573,533,512,566,514,512,523,539,538,538,538,554,496,538,519,546,513,548
2220,3793,183,203,193,171,182,173,178,176,194,182,194,198,181,186,170,191,181,176,156,176,166,195,162,186,164,204,169,153,174,186,213,206,176,181,168,203,206,176,200,179,172,171,186,180,196,170,169,192,194,199
3071,3540,275,241,267,269,253,227,261,237,240,248,245,260,249,256,246,262,256,236,229,237,239,265,249,249,247,234,266,239,249,268,239,276,238,250,267,238,244,246,227,261,274,228,269,233,260,240,261,245,267,259
5519,3208,267,261,294,270,280,273,282,290,268,313,261,274,300,308,270,257,273,300,277,304,289,256,259,295,280,283,286,225,283,260,282,305,314,294,261,294,284,299,246,303,275,266,269,282,254,252,271,309,264,285
7150,3116,248,249,235,249,238,256,231,228,247,223,248,242,241,253,249,247,248,248,236,237,243,247,244,229,227,236,239,230,233,212,240,263,257,263,230,244,257,255,254,257,245,261,235,214,246,245,213,253,219,243
6329,2866,252,245,258,264,272,231,229,225,255,253,217,245,249,250,230,210,238,230,248,218,268,238,252,235,231,229,233,256,266,235,267,221,251,233,245,244,236,236,250,256,231,240,241,261,239,246,238,248,238,229
6323,2712,263,236,239,261,249,222,239,263,263,254,204,233,261,265,247,265,231,245,228,237,268,252,244,258,238,250,270,279,237,237,262,274,266,257,246,260,227,234,260,232,257,252,243,260,281,265,246,228,269,254
2851,2620,235,251,293,252,241,224,247,243,276,239,281,250,257,229,245,275,238,267,255,264,270,252,297,252,234,246,277,245,251,256,264,208,231,277,278,243,257,245,269,271,243,248,250,255,262,222,242,233,249,271
7666,2512,176,178,157,188,187,170,178,188,190,184,197,162,190,150,172,212,184,159,179,210,171,164,178,190,190,181,209,170,176,165,190,183,164,183,169,180,208,166,169,179,191,198,167,195,201,169,170,198,170,179
9936,2480,163,162,187,174,190,171,146,179,174,194,180,165,173,191,187,159,193,171,157,171,154,179,205,195,187,203,164,182,173,200,175,206,175,158,176,187,193,174,169,156,177,140,165,185,156,177,178,195,181,163
2869,2319,210,208,236,237,223,209,241,213,214,192,222,221,238,237,208,236,215,230,233,197,198,209,245,224,220,236,234,197,229,214,241,236,225,233,237,202,225,238,237,248,233,223,213,191,229,251,229,208,174,242
5375,2281,274,299,319,295,341,300,294,270,312,312,326,287,291,331,286,307,328,305,297,317,304,326,324,333,299,275,312,301,293,274,288,314,323,295,330,312,305,307,300,313,296,327,302,267,302,325,288,307,287,306
4671,2201,412,400,401,401,417,395,401,405,412,398,399,417,417,422,403,450,429,407,445,415,394,448,413,400,407,421,414,427,472,440,432,423,406,448,406,426,400,405,419,398,444,388,392,409,418,419,434,389,430,427
4515,2159,446,439,412,448,414,399,408,436,441,422,438,421,424,422,423,420,443,399,425,408,424,412,422,415,389,423,395,398,422,456,372,406,405,416,399,414,467,424,433,407,452,414,399,442,428,416,417,465,420,412
9667,2092,180,211,213,189,206,207,220,201,183,187,192,206,203,184,194,192,168,206,170,183,203,201,181,192,180,200,174,192,176,220,191,183,199,186,198,178,188,212,192,217,206,194,182,185,192,196,180,193,193,178
6241,2024,137,157,172,157,146,151,180,131,160,139,152,146,152,164,151,153,165,171,159,151,159,151,152,172,138,165,159,137,155,154,156,174,146,133,155,133,147,142,157,137,151,143,166,177,133,139,150,159,151,150
2992,1974,187,220,205,203,199,192,188,193,219,186,219,207,207,204,225,205,210,201,214,202,195,167,218,218,216,213,213,181,210,198,219,197,206,205,190,160,189,195,204,181,221,216,220,198,181,216,223,182,198,194
4365,1920,275,296,307,279,303,308,305,321,287,301,294,318,296,288,303,293,306,283,297,305,309,284,282,316,315,353,292,281,300,295,288,325,301,292,312,328,314,285,321,286,306,293,279,303,322,259,282,308,299,328
3931,1881,250,242,236,267,256,236,252,218,248,253,250,273,240,229,250,267,248,287,231,250,243,254,223,246,229,232,220,254,243,247,260,234,237,253,247,251,258,256,252,252,242,235,255,243,263,242,244,220,281,241
1641,1833,167,190,184,166,188,165,199,177,188,166,168,168,179,136,181,169,204,165,175,182,173,160,197,182,171,174,152,155,145,192,161,173,181,169,186,178,164,179,180,198,156,170,173,180,170,173,185,166,178,152
9523,1777,150,126,123,135,140,127,126,122,122,131,122,121,122,115,115,143,132,144,130,115,124,104,108,123,132,134,127,127,129,130,128,131,112,120,134,145,121,132,130,128,112,150,102,141,144,128,113,144,143,125
4076,1759,271,299,248,319,295,281,294,285,304,321,336,296,307,290,280,271,305,277,273,289,301,268,303,309,295,278,302,305,296,288,310,320,309,261,297,300,300,299,288,302,284,288,291,299,308,274,334,290,280,328
1801,1724,214,212,230,212,187,206,198,204,213,197,209,203,187,214,194,191,187,204,207,204,209,215,180,184,200,197,207,206,206,176,203,189,212,202,211,192,194,222,210,208,193,219,215,217,201,190,211,216,208,199
3881,1665,100,89,90,84,82,83,83,74,68,75,90,87,87,81,69,68,106,83,87,98,80,76,83,84,79,73,88,74,78,78,70,81,74,72,78,87,79,77,84,93,101,98,91,89,78,93,83,79,74,99
7497,1655,186,217,215,216,178,219,220,205,202,219,181,221,191,212,207,223,211,202,223,221,190,219,204,202,204,229,230,199,216,215,200,211,212,217,193,207,196,228,208,201,208,226,191,174,189,192,224,211,196,182
6349,1630,177,159,153,159,180,135,155,171,159,165,148,159,155,152,183,183,147,160,139,158,149,157,160,156,159,172,163,171,167,145,153,176,171,176,164,164,160,156,146,165,172,169,171,167,186,157,165,160,152,151
1073,1588,162,174,172,177,166,170,181,162,177,166,176,161,163,197,166,130,151,166,178,164,147,163,145,173,174,182,167,170,169,195,155,168,195,186,174,196,152,176,164,162,175,206,160,145,173,167,191,181,189,172
9571,1560,145,183,175,162,157,175,188,180,159,177,163,176,155,193,173,164,144,159,193,160,194,182,166,197,154,160,184,186,165,159,176,159,159,149,175,160,178,175,150,176,170,170,165,185,169,193,186,184,154,171
3177,1529,192,208,195,212,184,188,242,210,195,204,215,227,205,235,175,216,201,220,196,240,217,212,201,189,180,203,212,196,214,208,218,192,189,202,204,177,180,206,197,187,216,212,226,209,193,192,187,210,203,218
1985,1511,203,222,216,181,219,188,214,218,241,214,227,225,223,211,205,212,214,227,230,216,225,203,237,200,247,197,208,260,214,217,209,221,235,217,244,201,223,201,210,214,197,211,205,214,231,201,217,216,205,206
5479,1488,160,170,190,158,171,161,163,146,150,165,164,185,158,152,177,170,182,166,189,175,163,163,185,143,172,165,148,194,172,161,162,160,188,180,150,156,147,157,180,176,161,175,174,202,172,161,172,172,169,156
1285,1455,184,177,175,173,184,223,175,175,170,194,172,210,194,171,189,192,189,164,183,146,200,179,179,189,188,167,189,198,227,169,212,170,190,193,197,175,175,159,194,190,202,188,155,180,164,168,202,189,194,175
10357,1430,141,144,129,144,143,150,135,135,151,142,134,132,158,159,141,166,148,138,154,134,163,146,159,152,156,132,120,141,135,133,135,142,153,154,156,123,154,154,140,146,152,144,152,152,146,146,136,134,136,133
3918,1401,193,190,188,188,171,206,195,181,191,202,203,206,182,206,183,140,184,187,180,196,217,177,207,181,164,172,176,181,185,204,170,184,172,210,168,213,185,180,193,186,207,205,200,180,164,193,184,195,195,216
1338,1390,123,105,124,144,128,143,142,147,141,128,130,123,118,141,119,128,127,127,132,122,149,125,139,124,137,139,145,122,131,139,141,139,137,120,139,142,122,115,109,145,150,130,140,128,117,118,142,140,118,137
10150,1353,145,132,150,146,112,125,134,129,124,138,138,144,147,139,140,155,116,133,115,115,148,125,138,118,130,150,135,149,123,150,147,142,139,134,136,137,122,117,141,139,123,140,122,126,143,122,145,130,161,133
2264,1329,147,165,164,166,176,182,182,156,158,176,134,148,158,182,154,153,138,170,160,155,146,182,184,172,171,166,164,168,174,171,146,176,184,153,151,163,139,183,167,176,163,174,175,127,178,172,173,182,160,152
853,1319,154,158,145,155,141,155,152,151,131,142,160,167,155,129,152,125,147,140,143,169,139,155,151,146,169,177,142,140,155,143,157,157,141,131,159,155,179,164,143,133,154,156,132,150,165,148,157,167,135,148
7266,1292,165,210,158,197,179,163,179,198,184,221,168,168,201,193,180,169,196,167,196,160,167,180,206,145,173,171,172,176,183,196,178,199,195,224,171,177,178,176,173,178,185,174,206,178,194,178,170,185,197,180
9715,1264,172,214,170,206,185,196,185,223,187,180,174,211,192,184,181,185,195,187,194,187,172,189,174,190,183,191,207,191,174,175,201,206,187,175,188,183,158,196,179,213,162,174,160,194,196,174,184,186,188,192
9712,1258,183,177,195,172,148,187,194,175,192,212,170,205,182,202,160,177,164,180,197,187,193,195,177,153,180,189,181,152,186,184,167,178,195,179,169,182,174,189,199,163,178,174,185,163,171,177,189,174,175,186
7673,1219,153,154,159,159,136,147,151,149,138,144,169,157,155,153,165,151,132,154,162,168,145,137,142,162,174,151,152,177,148,154,160,167,143,154,141,143,140,146,147,131,167,180,166,168,155,150,164,139,142,158
10356,1212,122,141,148,124,147,142,150,166,135,138,137,137,165,134,161,144,131,156,129,147,152,147,162,156,137,136,146,142,134,155,154,141,154,145,132,154,157,145,128,149,128,146,157,139,146,162,157,145,182,148
919,1182,150,152,152,172,174,155,166,150,131,153,138,167,141,151,152,163,144,149,168,149,174,157,150,141,159,147,138,156,161,149,168,172,142,137,153,152,169,151,157,153,158,147,141,162,157,153,161,145,148,147
1814,1176,201,177,197,196,199,157,173,199,198,180,184,168,196,172,182,189,169,175,175,185,195,197,220,200,187,185,181,160,197,208,180,194,184,194,215,201,176,185,196,173,178,195,195,187,184,200,191,199,192,215
2347,1161,113,112,95,125,107,109,116,102,115,102,107,111,127,116,111,125,109,105,108,100,106,110,127,88,113,95,117,118,106,120,119,139,102,97,123,101,111,121,115,115,130,88,103,93,102,110,115,101,121,107
8678,1134,228,158,208,187,157,151,158,146,185,181,161,178,180,176,170,189,178,207,166,182,183,159,166,181,188,196,161,178,178,165,187,170,191,191,170,172,205,186,204,158,163,188,171,160,189,161,177,180,165,165
9404,1111,127,119,120,109,120,133,120,113,124,116,146,122,141,139,115,126,107,130,111,107,122,123,107,116,120,124,143,135,125,99,120,110,112,131,135,117,128,126,122,122,126,119,108,113,124,111,124,115,138,134
2212,1105,204,209,211,185,182,224,187,196,223,192,189,202,225,188,182,179,187,205,185,205,186,197,177,199,212,187,216,176,190,196,187,218,179,179,207,205,166,202,197,203,201,175,202,194,194,174,173,206,200,183
10397,1081,154,167,133,135,141,133,153,155,162,136,140,139,149,148,158,150,149,145,143,162,133,151,136,131,155,136,124,147,149,119,132,148,155,121,161,157,150,150,161,138,145,147,182,142,130,140,142,134,140,155
9193,1072,207,205,222,243,227,194,212,221,213,210,198,212,220,192,214,221,213,231,229,227,205,198,229,222,189,208,236,223,231,221,221,222,245,226,232,204,210,191,216,222,199,215,221,224,226,207,202,238,236,209
9716,1050,189,177,192,204,204,188,196,179,176,171,184,179,182,185,171,194,187,179,196,187,171,206,204,191,169,192,193,184,201,177,203,191,202,180,193,210,207,193,185,203,192,218,206,195,176,203,186,209,164,213
5921,1035,162,148,179,144,154,167,134,154,163,160,150,151,150,147,180,165,160,146,180,159,163,132,177,145,150,148,156,157,160,172,156,131,155,145,147,154,144,163,153,150,143,163,159,149,144,146,171,156,161,193
5270,1022,194,195,197,175,205,203,219,218,197,198,194,204,184,183,182,205,200,198,218,197,200,231,208,168,201,180,156,201,189,202,221,183,192,191,186,174,200,185,177,177,209,191,203,216,233,203,213,191,173,170
2446,1012,115,120,110,140,138,141,139,125,137,160,136,131,138,149,135,137,130,132,127,133,114,133,125,140,116,120,148,143,137,126,131,139,124,145,148,134,140,145,128,136,124,139,130,153,136,119,117,148,135,128
1631,991,173,192,183,159,190,188,202,200,166,180,224,174,181,180,172,182,188,178,179,188,189,222,196,172,189,155,171,183,181,192,179,175,183,166,197,173,174,172,171,192,183,181,183,179,161,172,179,172,180,173
3409,966,210,187,198,201,172,179,180,172,197,175,188,204,197,205,205,178,186,198,185,206,176,173,185,188,168,162,171,206,160,181,164,201,171,185,161,176,171,194,200,174,161,186,182,190,192,169,204,190,200,207
4178,962,151,113,136,158,135,143,147,162,155,123,166,142,141,130,161,156,144,148,133,135,160,136,157,174,158,148,134,146,132,162,157,145,162,139,140,162,132,147,166,154,143,122,174,145,152,136,145,158,164,132
1845,943,142,119,113,118,116,133,149,117,125,132,134,148,138,128,128,142,136,127,138,143,124,140,122,120,111,140,134,121,118,143,132,124,109,139,125,114,117,126,138,125,140,128,138,126,144,117,123,141,136,120
6098,934,202,208,162,202,181,164,185,163,168,159,176,155,172,166,181,172,180,164,159,166,172,202,178,184,196,168,159,184,187,199,201,166,180,144,181,176,196,163,181,181,170,179,185,191,160,164,170,197,173,164
10164,915,146,159,181,160,143,166,142,163,134,163,135,145,149,146,160,191,157,164,157,153,147,152,160,165,151,156,156,132,146,149,130,156,141,145,167,154,161,140,154,151,167,155,156,147,163,154,157,152,171,163
598,903,163,126,144,124,126,128,148,131,119,157,124,140,134,128,130,150,154,144,137,132,147,134,123,138,105,123,159,144,115,139,147,140,130,130,129,124,147,165,146,150,144,155,137,131,133,124,139,126,129,133
10611,892,135,139,142,160,129,132,169,153,137,115,115,143,135,130,118,127,136,146,135,132,122,121,140,130,107,122,134,129,138,140,125,119,151,127,145,126,146,134,129,126,119,130,122,147,138,129,133,110,123,128
1944,875,107,126,112,89,118,115,124,110,129,119,126,120,125,130,109,109,107,121,114,144,113,128,104,123,130,134,142,109,108,130,108,141,118,141,127,120,123,134,115,112,110,104,140,121,107,119,131,121,117,124
3390,867,159,142,152,130,129,148,145,144,141,157,132,127,139,171,137,157,144,148,154,139,147,148,137,140,139,150,147,137,151,157,149,159,147,161,142,143,145,135,155,133,146,129,163,156,157,152,153,144,157,145
10119,847,161,139,144,175,156,152,161,153,138,168,166,157,147,175,162,147,158,183,143,183,173,157,153,167,161,153,146,144,150,158,164,171,162,158,170,154,182,159,132,159,158,165,153,147,165,146,173,164,131,161
10350,833,159,152,138,152,133,170,135,153,156,150,140,154,154,130,137,146,150,134,146,138,139,127,134,135,146,142,140,147,172,142,132,163,163,148,123,145,126,162,147,155,150,154,158,168,134,157,143,139,125,160
1100,822,166,159,139,161,166,149,130,147,157,156,171,173,154,155,156,133,152,153,133,155,142,153,181,148,150,171,138,180,134,142,140,159,128,147,158,147,155,168,139,173,151,110,141,135,143,128,136,160,164,143
3749,806,90,74,88,77,92,82,87,85,83,89,94,92,76,81,100,80,81,73,80,86,80,88,80,83,84,82,79,80,85,92,87,79,77,94,95,76,82,100,88,94,90,75,85,104,78,94,94,86,103,87
4131,804,149,141,135,159,150,137,134,144,138,138,146,138,135,131,151,120,152,121,133,147,149,134,160,147,151,155,129,136,149,155,146,125,143,136,148,141,132,137,139,138,151,133,157,139,151,138,131,154,143,138
1572,781,108,140,148,125,138,133,131,126,107,140,127,115,135,132,146,149,148,121,147,135,136,137,122,116,122,131,133,114,160,119,119,146,130,140,146,138,150,141,136,144,131,137,144,133,114,116,129,150,121,147
4780,768,179,199,193,188,185,202,176,200,211,190,229,190,211,173,186,184,209,189,176,174,192,221,178,194,198,198,186,214,199,182,183,215,209,229,194,197,229,201,175,190,178,191,200,200,218,169,229,174,205,175
837,761,133,119,130,140,124,128,120,122,142,120,125,121,115,142,129,134,138,114,132,112,123,122,136,142,144,131,116,135,130,134,141,137,108,122,118,130,128,150,132,122,128,103,140,129,132,141,123,93,123,126
8676,746,195,180,207,203,187,203,184,190,173,185,185,194,171,186,188,181,184,179,177,171,188,179,182,195,185,155,196,177,169,191,169,189,190,188,188,182,184,166,183,203,162,177,174,187,200,179,180,171,200,171
10450,736,156,157,138,140,123,146,131,137,129,145,146,145,152,147,140,143,127,165,127,132,165,135,115,140,126,154,125,133,107,126,152,148,132,143,146,141,144,156,153,126,123,153,133,143,156,146,165,142,169,145
1948,726,104,96,98,91,116,99,97,126,107,90,124,120,112,82,104,106,124,98,100,118,81,101,106,99,104,109,105,104,98,102,106,106,92,90,95,114,99,119,104,110,96,104,94,118,106,97,117,102,110,105
362,710,124,116,115,126,125,105,116,133,122,123,122,114,118,103,115,126,136,95,101,103,113,115,109,121,127,104,108,130,123,117,126,131,129,125,119,125,114,98,105,132,127,121,106,126,111,114,99,102,109,111
1408,694,149,145,142,127,128,138,152,157,139,147,135,132,143,140,141,139,141,154,185,129,143,147,154,138,157,159,140,146,151,158,147,164,153,143,148,164,125,145,162,157,140,138,134,120,151,140,134,133,155,172
1662,687,110,108,136,130,138,128,138,126,127,108,113,126,124,133,119,122,145,115,140,117,125,141,120,141,136,106,123,121,134,131,115,129,108,108,134,109,130,148,99,146,137,110,131,133,126,130,102,123,127,113
4448,670,96,98,100,91,94,92,78,103,94,90,104,76,85,83,82,99,106,104,90,100,92,95,90,118,94,81,84,96,77,113,103,95,83,83,99,112,96,80,86,102,105,103,88,95,114,96,88,91,97,97
5032,659,142,131,170,176,132,148,147,136,138,143,125,148,153,143,137,157,144,151,153,153,168,142,144,146,152,134,142,157,141,142,137,150,135,159,154,139,144,143,138,151,111,140,139,147,130,116,154,139,141,127
874,639,156,152,143,145,149,186,138,174,138,154,167,144,135,148,153,171,160,167,152,144,128,151,158,138,154,153,140,152,143,155,147,161,150,156,130,151,147,153,174,169,132,132,169,144,128,156,138,155,162,157
10023,633,137,151,147,164,156,155,160,134,150,158,136,143,166,145,165,126,142,131,156,148,148,156,142,156,151,159,138,138,138,139,139,137,149,129,151,119,157,155,133,144,145,125,142,144,144,158,177,145,171,141
4866,615,108,128,111,119,114,105,131,122,114,93,115,114,119,113,116,129,113,104,123,108,120,99,119,119,121,116,103,126,127,95,123,116,122,92,107,113,132,118,103,93,97,118,99,122,125,119,100,111,127,125
7546,598,104,95,110,91,93,94,108,89,100,96,103,94,94,89,111,104,100,98,115,98,104,100,94,99,102,95,96,104,86,92,99,102,94,93,96,106,85,100,90,87,91,106,96,109,89,88,85,116,75,99
4863,591,130,104,133,133,125,114,130,122,143,113,115,125,125,125,118,117,137,122,134,128,102,117,107,103,119,138,123,126,133,132,128,114,109,127,144,128,132,108,129,118,142,120,114,111,108,103,102,149,141,139
6688,580,136,112,154,147,151,120,128,128,140,118,137,128,153,143,154,170,162,137,128,141,140,146,126,139,124,147,118,136,125,132,139,147,128,135,122,107,146,134,124,132,118,163,119,127,126,112,160,137,148,130
3014,560,150,123,136,135,146,133,143,150,154,128,144,145,146,146,153,131,127,131,134,153,123,136,142,125,149,136,137,144,138,139,151,137,136,130,140,133,137,134,123,125,123,120,126,131,152,138,145,131,154,136
6282,547,196,187,215,195,192,215,186,211,163,179,209,209,210,208,187,176,185,199,200,183,193,216,229,203,199,198,210,192,220,185,199,186,191,197,200,191,183,183,206,205,197,202,193,180,201,210,176,186,182,207
7413,534,164,171,159,177,177,191,169,173,197,172,185,156,181,168,184,171,183,179,162,176,196,154,161,187,193,155,178,191,187,197,187,180,184,170,168,171,162,196,196,192,191,179,162,162,204,178,196,187,190,178
196,512,99,115,121,106,102,125,139,118,111,123,102,105,106,108,111,98,69,116,105,90,108,100,116,116,102,88,105,114,114,100,110,103,103,114,105,95,114,116,109,103,110,121,119,111,100,112,115,115,108,106
925,501,145,153,169,157,172,142,155,152,166,145,163,178,162,144,166,152,151,152,152,117,181,154,162,172,151,160,153,146,162,156,133,137,161,157,142,134,135,139,132,157,172,163,165,162,163,130,159,140,188,154
5468,483,151,128,134,134,140,132,136,145,156,137,143,127,154,124,119,147,147,137,158,141,136,159,133,128,118,165,154,136,149,156,144,142,145,139,162,135,151,155,153,158,147,142,130,127,146,149,133,148,140,122
4039,469,157,139,184,156,127,135,172,156,162,131,141,158,155,144,152,153,157,145,149,162,152,157,162,143,153,181,146,162,146,159,174,144,154,148,161,125,169,187,149,171,159,171,166,148,155,161,149,162,168,156
388,439,130,112,130,121,135,128,131,119,122,127,147,112,107,115,136,117,120,123,152,119,141,135,128,109,133,131,136,132,112,119,150,122,112,115,109,113,134,134,121,117,131,126,126,147,112,139,118,114,112,138
4725,436,111,120,107,107,106,121,101,119,120,109,103,121,117,100,113,114,124,125,131,125,116,113,127,117,113,128,119,112,110,119,123,117,109,106,107,118,111,127,131,99,114,124,106,115,113,117,128,116,104,111
4135,404,127,125,141,114,145,153,129,146,117,132,109,117,144,126,132,114,153,132,137,143,104,141,133,125,118,136,159,141,117,129,105,154,142,128,121,110,125,131,134,135,140,117,120,126,137,106,104,119,144,124
5011,393,122,115,105,118,108,108,135,89,122,104,113,108,108,104,86,101,137,126,110,119,101,116,120,96,116,118,110,112,98,105,109,122,112,112,102,106,141,119,124,107,102,120,115,110,109,105,96,118,114,109
10932,377,83,88,88,85,76,99,94,83,62,83,82,71,79,82,78,97,89,82,90,93,88,76,74,99,86,88,98,74,71,75,88,74,80,71,87,113,66,96,77,81,95,88,70,93,84,92,68,86,82,90
8745,346,104,107,128,128,125,131,109,124,140,117,112,134,134,117,118,115,110,105,132,109,102,128,127,117,121,117,117,113,102,120,124,104,118,105,96,100,118,136,123,120,126,121,105,114,138,106,135,114,131,124
7999,320,113,112,124,125,108,135,129,101,140,142,117,120,130,130,138,139,148,119,130,122,127,119,112,128,151,121,148,138,132,103,117,123,130,111,146,135,126,157,139,132,119,147,123,121,134,132,125,133,148,135
8885,301,88,98,107,87,69,80,81,103,101,109,97,99,104,97,92,92,106,98,103,78,96,96,105,97,90,88,99,97,99,113,100,111,97,116,100,88,109,99,92,109,108,96,107,89,107,90,119,86,87,98
4182,275,142,171,159,179,155,134,165,141,170,156,152,147,173,167,158,165,144,164,159,149,160,155,165,152,126,152,160,149,172,126,164,166,155,158,142,157,180,147,141,148,190,159,148,143,164,153,173,141,147,158
7362,259,136,111,105,119,99,119,105,102,113,97,109,118,108,124,119,111,111,99,106,96,129,107,90,112,112,111,117,103,130,114,103,103,124,115,131,99,114,116,101,100,109,124,98,107,110,109,115,104,115,95
6718,219,98,90,118,87,86,106,116,98,90,97,82,92,96,88,84,95,95,70,76,112,81,94,100,104,97,78,113,98,103,82,99,80,98,101,113,99,86,76,88,93,99,94,82,89,100,100,110,105,104,103
6721,189,83,58,82,71,64,86,65,86,70,77,81,68,89,73,78,70,82,75,66,82,73,72,65,83,72,66,85,76,79,94,66,79,84,84,79,94,75,70,82,92,72,64,80,83,87,74,94,79,74,68
6223,167,76,104,94,78,84,89,79,78,78,86,100,97,95,80,72,77,91,81,78,70,83,81,102,84,75,94,98,80,77,84,87,80,91,74,76,89,95,97,93,72,76,77,76,78,76,85,73,76,92,100
