4949,206607,3418,3666,3686,3565,3677,3530,3637,3570,3616,3586,3619,3530,3635,3632,3632,3588,3706,3665,3574,3648,3592,3673,3482,3652,3560,3643,3599,3694,3622,3568,3703,3691,3620,3640,3574,3602,3696,3541,3609,3562,3769,3568,3614,3652,3618,3668,3663,3577,3677,3599
4950,203266,4019,3968,3994,4051,3908,3899,3970,3985,3909,3912,4034,4021,3985,4019,4014,3988,3957,4047,3881,4115,3962,4020,3978,3925,4115,3904,4010,4001,4006,3843,3939,3985,4036,3937,3984,3949,4014,3961,3980,4042,4052,3937,3985,4109,3973,3875,3978,3900,3956,4054
4951,198690,3475,3451,3477,3382,3528,3456,3401,3527,3499,3464,3430,3455,3484,3456,3605,3419,3463,3563,3406,3475,3471,3426,3528,3495,3584,3495,3515,3513,3563,3471,3539,3509,3463,3447,3502,3425,3447,3488,3387,3566,3437,3440,3533,3459,3471,3537,3516,3486,3481,3450
4808,197239,3277,3545,3391,3365,3442,3459,3377,3272,3406,3334,3410,3393,3401,3420,3351,3421,3474,3392,3352,3439,3376,3380,3421,3422,3380,3335,3386,3351,3378,3349,3433,3428,3380,3497,3413,3372,3379,3402,3402,3341,3427,3398,3428,3236,3440,3322,3354,3412,3491,3423
5093,193272,3478,3507,3415,3526,3434,3448,3490,3511,3542,3454,3415,3426,3568,3463,3455,3539,3515,3464,3464,3448,3498,3514,3403,3415,3564,3427,3395,3484,3505,3398,3491,3588,3488,3482,3596,3482,3488,3460,3351,3470,3500,3538,3525,3488,3463,3461,3523,3563,3581,3529
4809,192275,3687,3772,3710,3720,3781,3586,3723,3694,3725,3771,3686,3665,3676,3627,3726,3655,3664,3631,3788,3670,3735,3720,3633,3673,3544,3687,3700,3703,3727,3718,3604,3689,3713,3707,3685,3673,3631,3707,3710,3771,3686,3665,3645,3697,3729,3782,3606,3659,3634,3794
5094,179963,3170,2998,3056,3082,3143,3072,3072,3033,3081,3085,3089,3164,3067,3097,2998,3090,3003,3076,3006,3017,3107,3136,3040,2948,3075,3107,3105,3127,3213,2989,3041,3077,3054,3063,3233,3112,3145,3024,3074,3132,3123,3062,3065,3054,3097,3055,3137,3120,3099,3059
4810,177846,3309,3361,3300,3273,3266,3262,3219,3212,3215,3254,3286,3188,3224,3264,3258,3281,3207,3262,3236,3293,3187,3294,3166,3215,3322,3238,3374,3254,3272,3210,3260,3213,3251,3245,3183,3217,3105,3227,3329,3348,3213,3248,3168,3197,3289,3240,3355,3325,3232,3253
5092,169152,3201,3151,3276,3193,3293,3143,3236,3285,3151,3226,3283,3240,3233,3232,3357,3283,3235,3129,3153,3376,3167,3216,3134,3236,3200,3150,3169,3139,3071,3158,3315,3273,3316,3200,3184,3192,3167,3266,3207,3114,3223,3204,3215,3066,3149,3150,3226,3213,3178,3288
4948,150277,1499,1534,1474,1498,1446,1500,1457,1512,1463,1508,1400,1501,1523,1463,1539,1442,1479,1497,1491,1491,1483,1466,1423,1480,1468,1454,1439,1480,1493,1457,1483,1510,1528,1433,1542,1497,1490,1515,1467,1474,1478,1457,1484,1488,1496,1467,1422,1460,1533,1524
4665,139452,1511,1549,1493,1512,1547,1457,1477,1494,1463,1512,1483,1504,1409,1457,1454,1479,1503,1529,1588,1596,1558,1476,1463,1419,1572,1530,1533,1487,1473,1498,1458,1491,1483,1465,1557,1529,1475,1516,1509,1497,1417,1457,1490,1539,1537,1540,1595,1532,1515,1546
4807,132036,2080,2045,2002,2067,2064,2020,2079,2007,2087,2085,2075,2054,2009,2027,2100,1935,2013,2048,2057,2045,2110,2031,2098,2147,2073,2042,2069,2108,2086,2030,2043,2024,2089,2086,2049,2043,2119,2056,2038,2003,2058,2066,2160,2064,2014,2084,1994,1986,2072,2048
5091,125794,1211,1120,1146,1206,1122,1202,1151,1143,1199,1136,1152,1153,1179,1146,1207,1099,1174,1118,1152,1160,1119,1142,1099,1160,1202,1147,1160,1183,1096,1161,1163,1174,1194,1217,1108,1189,1066,1150,1180,1099,1188,1143,1223,1107,1113,1136,1167,1139,1135,1136
4666,117418,2633,2697,2671,2668,2630,2704,2687,2645,2612,2683,2732,2691,2633,2721,2723,2640,2642,2694,2718,2692,2739,2759,2711,2766,2635,2713,2619,2693,2642,2678,2699,2709,2719,2771,2619,2693,2674,2670,2641,2672,2678,2630,2677,2726,2693,2639,2660,2766,2656,2730
4667,79353,1551,1511,1565,1454,1415,1431,1497,1435,1466,1415,1381,1436,1465,1512,1476,1503,1451,1519,1501,1529,1514,1441,1512,1534,1423,1537,1474,1515,1533,1500,1476,1490,1466,1522,1466,1473,1505,1456,1478,1478,1449,1471,1521,1495,1447,1478,1438,1416,1483,1507
4952,71110,1445,1513,1474,1492,1524,1515,1475,1481,1536,1481,1490,1484,1471,1510,1549,1471,1476,1519,1486,1419,1457,1459,1465,1534,1491,1518,1488,1481,1541,1502,1462,1534,1513,1521,1444,1550,1481,1440,1535,1532,1511,1440,1504,1482,1446,1504,1451,1548,1480,1503
5238,70961,1819,1878,1909,1888,1877,1814,1971,1880,1946,1873,1893,1974,1946,1944,1866,1878,1962,1933,1870,1892,1827,1905,1889,1884,1951,1894,1916,1881,1808,1802,1938,1858,1934,1891,1920,1841,1843,1945,1864,1895,1874,1894,1880,1832,1869,1975,1890,1897,1933,1932
5239,65736,827,863,814,861,846,879,803,807,847,818,782,844,866,842,855,851,861,825,821,788,858,828,895,848,849,863,856,806,887,863,822,820,887,839,806,852,836,848,856,885,801,819,877,852,802,865,807,804,831,830
8909,57734,3526,3516,3417,3363,3527,3481,3492,3518,3488,3623,3480,3570,3461,3443,3522,3505,3401,3491,3526,3370,3537,3413,3455,3468,3533,3421,3540,3438,3464,3509,3463,3437,3431,3584,3388,3388,3504,3504,3504,3490,3404,3478,3460,3451,3452,3376,3425,3496,3515,3459
8908,57432,3415,3365,3446,3334,3442,3439,3336,3362,3474,3305,3338,3351,3457,3428,3365,3341,3430,3397,3445,3432,3437,3379,3471,3429,3292,3478,3477,3334,3391,3376,3404,3320,3401,3409,3394,3422,3397,3417,3420,3279,3392,3377,3395,3393,3420,3301,3474,3400,3449,3501
5095,56753,902,939,882,949,950,930,869,940,924,914,934,908,959,942,878,908,925,890,870,936,880,911,909,880,921,916,888,940,994,933,903,910,978,892,901,880,933,940,878,909,939,876,859,922,959,884,966,894,911,869
4947,53601,512,497,551,503,516,541,517,536,539,552,496,532,486,536,486,497,540,502,501,493,546,480,541,539,554,523,491,487,509,536,510,493,468,531,494,484,512,499,535,568,490,523,479,519,503,515,498,511,504,519
9049,44761,1630,1566,1502,1525,1588,1572,1567,1558,1576,1630,1602,1589,1479,1622,1635,1574,1629,1654,1578,1540,1580,1594,1633,1558,1556,1607,1603,1615,1620,1565,1599,1570,1597,1607,1551,1586,1478,1564,1617,1516,1629,1582,1584,1560,1646,1597,1618,1526,1581,1630
5237,43323,965,1008,944,999,956,963,1027,971,1000,957,1061,959,1022,941,991,985,1014,977,989,969,1000,934,978,1009,973,1073,936,964,975,1007,1021,983,975,1045,1035,1020,966,1020,982,959,982,977,895,955,959,956,1009,1020,941,943
4811,42356,2444,2475,2407,2497,2521,2441,2380,2356,2478,2503,2428,2382,2512,2413,2437,2518,2498,2421,2536,2438,2413,2431,2418,2457,2482,2426,2474,2423,2494,2482,2485,2383,2327,2374,2440,2392,2463,2385,2444,2481,2393,2409,2456,2499,2461,2417,2509,2460,2536,2494
5090,42086,726,740,799,739,787,741,759,729,750,775,741,784,682,746,726,786,772,763,768,736,691,737,756,737,719,759,682,700,728,757,775,723,744,762,768,758,735,755,745,742,770,796,746,771,700,771,774,753,779,745
8766,40627,1195,1221,1260,1227,1282,1311,1308,1260,1247,1347,1204,1231,1286,1269,1274,1270,1236,1222,1233,1212,1301,1207,1294,1217,1300,1249,1162,1260,1250,1272,1300,1309,1275,1246,1270,1278,1333,1175,1244,1287,1275,1285,1271,1274,1223,1250,1279,1236,1252,1233
9050,36919,1309,1296,1343,1369,1301,1314,1363,1294,1320,1296,1309,1280,1316,1343,1300,1306,1289,1403,1323,1273,1327,1382,1346,1258,1324,1346,1291,1313,1330,1273,1317,1297,1305,1342,1334,1294,1356,1288,1376,1333,1428,1340,1291,1351,1388,1324,1342,1335,1329,1342
4664,35906,920,932,847,851,947,879,871,868,870,888,870,827,917,844,861,871,854,912,863,841,863,839,867,819,883,822,844,881,889,822,836,899,835,855,855,848,857,866,854,828,843,820,955,832,889,866,855,888,872,902
5262,33487,1345,1452,1385,1386,1460,1416,1417,1496,1533,1406,1372,1359,1418,1404,1445,1424,1418,1407,1320,1353,1392,1332,1443,1422,1429,1465,1448,1436,1379,1353,1413,1428,1371,1411,1391,1387,1387,1419,1390,1440,1407,1427,1466,1338,1373,1431,1445,1359,1445,1378
4806,32347,695,730,739,707,725,673,704,711,700,723,700,720,731,705,683,686,733,731,723,719,736,741,703,681,721,735,660,718,698,678,688,714,722,710,725,696,698,779,722,755,708,726,737,748,677,710,714,716,703,707
8767,31747,2284,2338,2367,2240,2304,2271,2225,2249,2294,2328,2280,2318,2240,2287,2366,2225,2234,2302,2255,2244,2252,2206,2263,2265,2357,2251,2285,2272,2371,2240,2287,2207,2304,2289,2223,2199,2327,2285,2275,2281,2305,2229,2291,2382,2346,2210,2287,2228,2220,2375
8910,29396,1540,1542,1524,1556,1613,1530,1533,1676,1502,1571,1546,1555,1522,1542,1534,1567,1501,1576,1507,1588,1495,1535,1667,1585,1566,1618,1534,1529,1582,1527,1586,1450,1595,1608,1569,1505,1618,1630,1518,1536,1511,1560,1599,1612,1552,1629,1574,1530,1488,1564
8907,28492,1101,1139,1078,1084,1116,1152,1181,1150,1121,1108,1054,1100,1165,1111,1164,1102,1158,1060,1133,1062,1113,1147,1100,1088,991,1073,1101,1113,1053,1154,1076,1171,1072,1056,1093,1067,1093,1129,1100,1172,1106,1088,1106,1146,1137,1151,1180,1118,1081,1148
1689,25584,862,924,944,943,935,967,875,890,910,943,920,925,918,955,859,927,941,891,880,915,899,889,926,920,942,938,939,882,886,936,864,935,938,881,1001,898,946,980,942,921,896,920,954,901,964,883,948,948,886,931
9048,25019,899,843,926,863,908,927,956,887,916,963,897,874,902,888,861,886,883,870,861,884,952,900,903,939,886,870,902,926,939,890,910,893,909,900,867,860,887,931,941,908,881,935,868,907,898,884,870,879,875,897
5240,24899,763,704,767,753,802,769,783,734,774,735,753,750,742,774,727,753,790,732,774,795,727,710,757,745,729,748,751,780,722,765,760,770,738,708,785,776,711,722,725,731,762,763,708,772,763,755,730,747,756,776
4519,23201,798,818,788,785,784,775,830,801,821,773,825,775,756,782,802,697,738,768,790,816,780,838,793,780,753,765,763,784,759,806,790,746,774,815,802,800,816,812,760,821,746,741,800,788,781,785,766,815,854,786
5409,21151,697,730,686,695,711,706,658,749,671,683,725,770,724,726,733,720,694,665,750,745,693,715,708,706,736,727,738,726,716,707,716,715,740,705,741,717,709,763,694,728,731,746,692,743,721,686,747,688,679,732
5220,20997,1899,1925,1878,1875,1906,1897,1784,1746,1852,1833,1890,1874,1847,1879,1730,1866,1923,1810,1838,1906,1849,1831,1827,1832,1839,1868,1883,1897,1837,1936,1886,1862,1776,1939,1909,1877,1868,1915,1873,1907,1772,1913,1989,1761,1805,1797,1852,1845,1901,1902
2863,20452,821,876,891,951,908,914,887,912,849,918,910,910,914,889,905,924,925,935,924,951,876,916,958,875,929,864,897,885,914,891,870,892,893,903,850,907,870,926,860,936,897,868,907,834,931,936,939,909,912,928
1690,19411,1156,1235,1153,1193,1193,1154,1201,1130,1148,1151,1127,1188,1162,1209,1173,1214,1231,1122,1201,1214,1132,1145,1181,1170,1160,1156,1212,1121,1113,1190,1231,1217,1139,1206,1125,1209,1192,1220,1211,1176,1218,1124,1277,1164,1146,1163,1188,1092,1252,1159
9933,19315,610,610,687,588,606,615,618,608,610,595,625,649,590,606,593,584,628,570,588,595,636,613,565,593,600,571,603,643,578,599,590,615,611,580,598,613,554,580,584,599,591,563,620,639,592,619,590,640,593,573
9051,18793,658,679,621,673,671,647,681,697,674,648,642,696,666,639,640,677,656,673,706,698,694,666,697,620,743,654,636,648,646,685,629,718,726,657,635,650,679,618,723,659,659,700,677,649,695,609,662,692,660,622
5236,18377,557,527,543,542,525,574,537,528,483,571,578,574,551,536,539,528,542,514,536,554,563,534,474,544,531,572,553,505,553,561,548,564,592,529,551,565,525,556,512,540,534,555,544,514,502,542,586,517,503,538
2864,17321,1191,1239,1148,1188,1106,1119,1149,1140,1153,1141,1089,1159,1188,1180,1156,1158,1179,1199,1121,1140,1181,1205,1111,1183,1140,1133,1117,1105,1196,1234,1177,1182,1149,1173,1163,1183,1185,1189,1120,1123,1125,1188,1160,1116,1234,1149,1208,1123,1179,1143
5872,17118,738,761,770,744,699,747,707,786,748,795,784,792,741,718,731,744,716,700,771,667,749,794,752,730,764,752,743,719,781,743,745,746,718,804,754,727,755,784,766,751,701,753,764,752,759,746,734,776,743,754
4668,16373,973,1037,1002,1007,985,1059,982,998,1023,1026,998,997,1014,1031,1048,1067,1049,1021,1094,1020,1036,946,1050,1079,1061,990,1050,1037,1019,1016,1000,1017,1000,940,1045,1016,992,967,1007,1045,1009,997,1002,1040,1055,1062,1022,1080,1024,1041
9047,16191,513,646,587,566,560,525,572,571,586,588,561,569,622,567,587,569,573,561,562,562,628,546,628,599,552,584,590,533,601,552,565,574,564,574,574,582,575,553,584,539,611,596,552,563,576,597,547,606,584,602
5367,15761,1512,1624,1561,1504,1592,1572,1616,1568,1524,1512,1609,1597,1582,1538,1582,1630,1500,1644,1571,1515,1607,1556,1618,1652,1597,1551,1651,1586,1530,1550,1476,1596,1586,1589,1595,1613,1529,1634,1600,1554,1626,1604,1576,1700,1627,1513,1653,1606,1602,1611
9934,15603,806,774,765,810,739,754,796,806,785,717,785,719,731,752,739,797,795,735,781,756,759,810,719,768,757,733,743,773,719,734,734,751,689,770,743,750,787,718,743,702,756,721,781,754,757,752,790,731,708,798
5366,15563,879,908,868,880,861,840,874,828,851,916,865,874,836,862,863,837,835,905,824,923,828,925,884,855,921,895,834,891,874,830,826,837,840,860,861,882,849,911,860,816,902,883,900,833,871,885,878,889,826,866
5219,14977,1132,1086,1074,1127,1120,1089,1086,1135,1038,1115,1064,1110,1070,1061,1117,1058,1080,1068,1079,1042,1036,1110,1057,1049,1094,1090,1121,1108,1092,1104,1108,1056,1073,1029,1045,1037,1107,1099,1115,1109,1044,1081,1100,1080,1066,1103,1042,1173,1094,1077
4236,14783,1008,940,1021,944,979,993,984,999,936,966,967,925,1003,985,932,963,993,978,1009,981,912,973,964,991,997,1011,1000,1010,1001,935,904,957,1034,1021,966,987,948,970,1017,971,988,958,999,1036,999,936,980,966,1026,952
5557,14537,640,691,682,702,696,687,722,685,661,699,711,672,677,682,685,682,680,675,676,649,670,689,691,649,654,720,699,685,718,671,684,655,663,733,650,709,694,669,706,629,657,706,693,670,694,664,669,665,692,679
9052,14397,581,608,613,594,605,618,583,605,619,626,614,584,592,601,615,644,627,597,614,577,595,571,605,575,628,589,593,638,607,610,563,606,604,645,590,611,632,541,630,590,599,609,613,584,592,589,594,608,585,609
1782,14177,731,752,727,728,725,694,741,730,767,751,753,730,720,743,758,723,754,725,718,723,729,733,736,673,710,730,760,783,721,736,744,702,739,766,700,758,730,757,737,731,741,778,736,740,787,745,748,741,719,754
2429,14174,560,533,590,595,614,535,531,567,546,537,561,590,560,595,558,573,590,577,557,558,591,549,583,539,553,584,555,566,527,569,589,546,621,580,564,611,551,569,573,561,613,560,548,522,573,566,559,541,540,565
9187,14156,847,814,874,848,834,837,820,844,854,855,881,824,846,848,791,856,837,879,806,859,844,806,832,881,778,845,810,847,862,859,839,829,855,849,842,854,873,835,825,863,776,887,803,856,865,888,772,815,851,855
4624,14094,475,417,485,440,458,458,458,483,469,494,472,496,464,469,501,470,443,473,470,495,466,529,476,460,468,459,460,487,475,460,495,492,489,444,427,451,474,509,474,460,511,412,477,499,476,486,487,475,487,503
3185,14011,446,465,462,427,467,475,477,463,441,462,438,447,475,427,470,442,458,467,497,450,457,493,491,439,489,424,438,462,449,462,482,422,427,462,426,446,444,442,467,472,429,456,443,438,437,441,457,459,489,438
6830,13768,796,819,857,810,854,815,845,849,824,807,799,818,817,805,822,871,866,871,828,790,882,887,844,888,834,889,856,827,886,846,889,829,808,883,844,828,831,781,834,823,826,837,884,838,855,898,837,828,853,837
6826,13430,406,435,423,394,415,442,395,430,413,432,404,431,446,403,398,418,429,412,419,377,435,440,435,390,419,425,441,438,419,428,430,431,401,410,437,431,451,464,386,422,386,402,425,426,422,393,443,403,442,382
6834,12912,972,1013,1037,971,1000,966,943,1000,975,1006,1048,1011,996,974,1008,997,1001,1009,959,971,975,980,1013,1016,982,980,980,1011,976,992,988,1007,1031,969,1002,1067,1005,1033,963,975,1018,987,962,979,964,981,1008,1021,1007,976
5556,12627,583,577,575,547,573,559,546,586,571,569,583,579,553,540,508,561,605,570,575,577,573,613,574,567,609,579,556,554,547,574,540,567,570,584,555,544,560,585,621,554,650,616,560,600,579,572,528,580,528,526
2493,11979,982,993,964,961,953,984,969,968,938,995,966,995,986,1005,946,965,1009,968,959,1035,996,931,949,1020,1009,991,971,981,967,989,1000,960,1008,991,999,955,923,947,990,931,1000,978,974,966,969,990,984,1004,953,917
9046,11837,485,414,475,487,476,497,491,443,492,555,508,500,454,433,460,464,511,458,503,460,471,494,479,449,470,459,517,480,469,456,489,483,494,481,490,505,456,494,497,449,475,501,488,478,489,500,505,496,483,502
968,11776,461,429,434,439,443,410,454,450,413,440,456,407,463,458,443,404,396,425,402,413,420,446,410,418,424,388,389,426,442,423,398,445,432,439,435,418,443,468,433,440,431,414,464,421,431,442,454,411,420,449
9316,11431,462,424,431,438,461,462,470,460,473,432,455,456,447,473,458,443,446,392,455,451,462,454,505,453,457,451,431,457,458,457,402,461,461,443,497,482,465,505,441,469,474,478,450,463,437,470,469,489,414,441
8626,11351,792,760,784,764,812,774,757,728,755,748,741,781,767,743,758,761,767,755,736,776,764,726,799,790,770,791,759,792,771,745,805,754,786,778,793,782,702,802,743,778,746,773,832,839,755,823,777,754,767,758
9186,11288,452,500,492,453,491,463,489,504,494,476,480,517,529,466,485,543,516,482,496,531,472,476,442,479,518,495,485,474,515,508,501,529,490,475,481,510,484,512,469,490,484,507,506,487,489,465,495,525,499,472
5385,11271,739,674,745,693,769,726,685,730,700,713,746,749,729,747,725,753,740,706,726,710,697,742,714,737,746,726,716,728,717,691,737,682,701,708,682,679,697,704,701,714,706,734,760,655,693,743,765,680,736,729
7001,11251,661,672,656,668,693,646,709,693,694,643,674,670,643,641,671,675,656,606,668,683,634,626,681,710,645,668,681,688,697,666,646,623,679,636,644,682,666,680,639,674,641,669,648,678,670,640,667,683,678,679
8911,11061,556,546,531,552,540,519,515,569,526,568,523,520,512,515,549,544,555,515,530,517,551,579,535,533,581,536,555,542,533,536,539,537,534,533,529,531,548,511,521,579,571,569,531,517,537,541,500,578,522,545
1783,11053,781,672,721,700,726,744,722,688,700,741,739,707,741,695,708,726,692,734,734,691,676,700,717,716,728,745,694,708,735,735,715,764,700,688,712,731,726,731,684,727,705,662,720,685,691,715,730,708,691,726
4520,11012,656,687,703,643,660,649,653,685,646,657,675,645,644,670,654,681,636,603,629,622,640,668,673,652,683,681,678,633,641,620,689,688,680,645,630,653,644,655,658,626,712,652,656,591,656,699,681,612,660,620
2294,10946,336,314,328,338,325,304,336,312,336,318,308,346,335,332,324,317,334,294,320,311,291,306,307,306,317,308,317,295,316,326,322,346,341,294,354,297,331,348,295,324,318,333,308,330,326,344,289,334,314,341
8628,10744,724,761,760,734,781,769,792,771,775,744,754,730,742,762,726,806,762,687,802,746,771,795,790,710,735,721,760,695,735,719,734,750,761,763,767,741,759,770,773,710,756,725,729,750,708,743,769,742,760,696
5558,10524,894,873,875,859,933,874,841,820,864,844,899,857,928,854,855,857,891,866,887,924,894,845,898,854,900,846,891,887,881,880,867,835,818,872,869,853,834,851,879,794,875,893,869,875,872,840,915,899,912,882
8768,10406,839,719,814,826,778,787,816,787,865,778,751,766,825,810,784,782,799,753,828,802,819,788,765,756,796,767,824,820,851,805,791,765,815,788,795,790,781,780,838,769,775,759,770,824,792,774,787,799,773,806
6993,10185,413,455,481,431,425,439,418,462,428,442,421,435,405,445,418,474,431,426,448,474,410,426,420,429,435,432,430,434,446,442,417,445,400,446,408,426,486,460,449,442,451,414,415,437,424,440,454,430,459,461
5261,10178,537,546,579,533,534,502,507,477,563,550,543,519,528,538,565,502,565,547,470,549,573,551,544,561,519,537,520,534,518,527,544,545,551,539,538,571,569,553,555,558,534,537,526,579,529,531,588,521,567,552
5408,10099,554,550,507,582,534,529,591,508,554,513,523,563,571,520,538,549,522,498,505,528,545,577,564,515,561,573,512,529,545,536,541,572,567,537,539,540,514,592,550,550,563,543,509,529,568,509,561,548,543,559
5221,9923,974,933,915,874,884,909,905,919,944,908,959,878,911,915,884,913,884,839,913,940,922,900,928,929,919,945,922,909,917,848,907,958,905,893,862,872,888,969,949,904,851,923,910,907,879,891,932,863,905,911
8765,9721,588,577,534,534,549,581,552,548,573,558,574,606,571,592,605,608,606,610,553,582,570,568,549,577,579,573,541,562,578,560,537,567,577,537,565,571,558,568,606,519,526,572,559,611,554,551,585,557,544,560
4521,9572,536,553,513,534,550,543,542,523,555,574,584,535,546,602,563,602,555,618,550,541,558,557,529,562,551,553,529,537,578,537,508,560,542,538,589,560,536,609,558,551,555,574,607,558,511,540,573,579,522,563
8763,9501,430,417,399,380,456,432,436,394,426,419,419,395,429,404,396,453,455,437,402,388,429,446,457,435,399,414,466,412,398,425,380,446,440,417,421,409,441,447,421,417,427,445,412,418,422,410,398,405,388,397
8912,9491,583,601,543,522,519,502,503,532,527,549,541,542,476,566,518,516,515,563,534,515,519,546,532,553,572,518,521,531,500,530,507,532,537,528,545,507,565,556,525,558,537,589,564,521,523,526,514,530,552,553
8487,9379,455,454,472,431,461,444,466,467,487,481,469,460,477,469,416,469,450,445,462,474,472,461,425,461,472,474,476,456,452,496,465,440,449,445,454,431,446,411,445,454,410,425,483,476,472,432,458,452,488,483
5072,9253,457,467,467,512,498,513,514,441,497,478,480,490,501,506,496,459,502,500,494,450,509,475,474,490,474,485,482,510,523,427,535,509,507,485,461,499,521,466,487,498,482,488,510,515,438,468,475,506,486,462
10377,9153,411,365,360,384,376,378,371,394,388,399,348,377,380,380,359,373,346,400,380,385,401,390,364,344,389,376,397,378,389,422,395,369,379,374,404,384,376,384,361,377,402,387,406,388,414,394,394,379,374,367
10366,8970,399,369,406,414,377,435,394,399,440,404,393,425,420,394,429,399,429,405,400,393,390,437,413,412,441,404,438,400,424,409,395,348,384,392,424,411,428,427,380,434,438,377,405,394,420,413,425,408,426,401
3969,8892,341,360,355,330,355,344,346,348,317,325,333,354,313,344,356,346,345,325,326,317,338,347,347,325,330,354,342,341,350,344,308,356,334,320,337,345,373,361,374,356,330,348,361,331,356,302,356,355,316,369
2605,8883,818,787,783,826,805,786,855,884,814,796,807,870,820,836,839,790,821,879,845,831,830,869,826,833,805,835,777,858,855,843,759,802,807,840,823,878,824,844,813,857,842,831,792,825,784,826,868,761,842,790
8764,8736,514,523,575,549,523,502,571,533,531,519,552,510,539,543,549,512,539,489,547,492,518,502,533,555,486,517,580,508,523,482,518,548,508,536,540,523,561,544,511,497,527,546,519,510,559,513,526,510,530,484
8473,8701,151,128,141,141,140,112,116,119,129,136,126,122,130,137,127,123,124,131,134,125,127,149,122,133,141,109,133,123,133,132,137,131,131,133,118,122,134,135,147,144,134,154,142,146,123,132,129,137,134,139
5234,8587,503,510,555,512,515,487,500,496,460,548,501,495,518,488,503,455,505,469,517,491,518,511,474,494,540,526,519,514,520,458,471,513,551,543,497,506,493,509,520,520,517,501,513,452,497,516,505,528,471,476
6672,8541,171,185,174,140,152,169,163,156,165,177,157,148,201,177,176,204,145,173,173,157,180,155,159,192,170,166,182,177,164,191,168,163,193,175,190,163,179,166,196,172,171,181,160,168,184,172,168,178,187,194
1599,8446,647,698,684,601,600,662,627,659,597,614,668,632,641,664,608,645,631,573,631,620,613,655,668,655,642,613,654,624,617,645,647,622,606,644,609,637,636,653,637,655,626,659,658,645,629,640,622,626,648,633
9878,8419,527,483,523,517,529,530,504,514,515,564,483,519,536,520,509,514,527,505,520,509,517,514,522,517,492,533,540,530,576,498,478,529,529,534,537,487,462,462,510,514,511,503,502,489,517,502,513,530,499,491
8906,8291,531,559,577,566,537,557,530,518,544,514,521,536,575,483,519,525,488,590,479,553,552,521,551,548,551,493,527,586,540,584,576,532,545,531,542,563,522,549,538,554,534,560,528,540,513,555,532,547,522,558
3940,8260,533,539,556,546,570,599,551,549,565,571,569,541,540,553,566,554,522,545,538,614,607,567,558,563,576,545,532,570,508,543,621,559,549,622,571,577,523,558,596,557,537,540,562,595,535,582,544,569,552,546
5476,8084,362,365,314,372,371,325,346,322,385,366,357,398,362,329,385,348,365,353,396,326,326,350,373,360,370,352,353,339,366,355,376,358,369,368,374,361,371,355,357,373,374,330,347,356,366,388,360,371,346,385
9426,8054,199,230,247,228,204,217,224,214,214,217,234,209,233,210,233,213,234,212,198,225,228,222,233,218,205,195,232,210,196,217,194,213,210,199,207,244,212,214,216,209,215,212,209,229,222,216,219,220,219,207
3762,7928,477,461,472,502,470,430,483,455,487,480,446,493,455,475,433,492,494,472,474,452,475,474,494,483,441,482,472,497,473,457,467,470,464,450,458,464,484,464,460,484,449,476,511,447,433,491,485,469,465,477
8905,7922,438,494,423,482,482,468,465,469,430,426,434,396,418,385,479,464,429,437,459,445,402,475,488,426,401,433,464,408,430,475,447,470,453,399,435,443,444,432,394,476,394,479,448,442,377,449,435,405,449,434
5258,7911,411,481,431,451,461,490,475,450,429,475,451,466,454,448,468,435,480,460,456,467,474,470,472,491,428,468,433,482,445,439,443,483,455,457,493,447,478,423,475,504,440,500,477,458,472,461,529,491,488,475
5257,7809,463,465,447,452,448,460,439,464,415,426,458,440,490,459,468,475,437,459,479,440,485,476,427,462,452,506,521,524,424,459,432,451,479,444,465,471,448,426,446,429,412,435,473,409,453,473,452,506,455,467
2538,7804,342,334,373,317,322,339,314,322,316,366,352,325,340,350,347,312,358,314,314,330,336,342,354,341,332,324,365,342,340,330,364,348,341,328,322,345,325,334,322,323,305,316,308,337,347,302,361,342,352,335
8914,7776,370,366,373,395,380,372,416,363,371,391,348,373,337,394,381,410,385,383,353,386,370,360,382,373,406,376,364,369,374,361,367,367,361,366,387,375,394,393,437,391,376,372,401,405,377,373,356,376,395,398
6543,7763,149,115,110,107,140,121,117,110,107,119,118,144,115,114,112,117,126,138,120,115,111,116,109,106,115,107,121,100,110,132,124,128,125,128,104,106,105,114,127,135,118,117,122,113,133,142,110,100,127,127
5384,7746,424,474,491,423,473,412,466,447,467,471,485,435,413,439,444,439,475,442,433,430,434,451,457,452,465,450,439,419,453,436,430,451,424,491,403,466,464,470,428,428,436,486,446,466,454,410,454,454,503,441
8769,7737,392,390,384,397,387,384,402,390,411,399,397,438,381,407,403,399,420,404,375,397,406,381,398,382,392,426,344,408,429,409,389,405,388,420,387,423,380,369,377,367,431,397,379,378,401,375,393,383,392,409
9053,7726,523,497,507,490,509,514,548,498,500,476,527,475,478,519,431,520,449,535,474,529,472,545,547,506,504,490,556,492,479,504,488,505,511,509,520,483,517,516,477,528,490,508,503,496,475,514,515,496,486,475
9932,7676,365,368,320,347,360,324,351,330,360,341,344,347,380,380,375,380,364,363,367,382,334,372,375,344,366,338,349,400,396,367,352,369,393,357,345,348,361,366,384,349,370,380,358,395,371,349,356,383,355,374
2193,7653,321,312,308,303,318,318,308,311,287,312,313,347,352,353,290,339,289,316,301,324,277,316,284,328,300,324,344,311,303,302,308,308,299,340,333,336,331,299,314,291,320,314,312,343,319,286,292,296,309,320
5989,7642,565,595,615,619,620,599,568,580,595,590,601,604,605,616,539,590,621,570,560,639,579,657,626,581,571,542,607,571,601,578,588,594,597,628,603,622,605,609,566,569,559,606,586,630,597,571,574,610,659,588
5988,7583,436,484,438,443,473,442,422,461,486,443,416,437,433,461,478,435,442,418,438,463,465,453,480,455,494,466,443,485,447,428,471,425,447,472,435,434,445,468,448,474,472,489,471,458,452,463,467,444,460,468
8625,7574,303,290,258,300,291,279,296,267,254,286,290,283,303,278,277,241,298,282,284,266,290,279,284,289,289,281,293,279,274,292,280,252,290,311,280,274,273,258,278,325,284,294,271,284,271,282,251,294,309,246
9877,7530,375,368,371,356,351,346,363,374,344,371,356,347,355,364,375,368,356,312,352,357,356,326,364,346,384,322,387,338,368,401,380,368,359,363,368,376,389,355,368,385,390,379,355,369,375,382,377,335,326,375
8762,7489,310,308,298,318,326,309,278,316,311,319,316,310,312,295,296,307,310,331,280,317,287,295,337,286,331,312,285,301,265,338,311,317,311,322,319,294,336,330,323,316,286,316,330,322,303,338,340,302,299,342
6831,7472,649,604,576,633,645,610,610,658,636,630,605,601,631,612,676,653,641,624,616,617,659,663,658,605,587,619,636,604,669,617,644,602,641,620,604,618,570,600,608,587,596,635,635,620,668,639,631,648,628,638
4478,7468,423,399,444,414,398,472,408,435,466,402,426,460,423,463,436,443,435,414,404,422,472,431,407,488,415,438,389,411,420,443,408,403,446,416,417,435,415,434,413,412,450,473,435,398,459,444,441,442,461,430
2321,7433,462,489,494,449,485,510,499,515,509,471,473,468,501,507,501,478,458,467,489,489,474,522,508,483,489,457,513,463,504,492,452,478,503,499,487,489,480,482,529,483,497,462,542,500,525,516,504,427,507,470
1981,7413,307,287,318,285,274,296,310,325,316,323,301,307,315,307,298,290,322,325,322,311,345,252,284,270,321,360,326,316,318,293,294,290,317,300,307,328,312,298,290,315,306,263,282,303,290,292,291,299,312,309
9045,7395,336,364,348,371,342,363,368,362,349,417,342,340,368,351,345,340,343,372,401,375,359,369,394,356,318,365,365,354,383,408,396,368,349,377,390,327,378,384,365,355,345,346,332,364,340,364,349,364,336,350
3654,7394,301,286,280,286,295,316,312,304,312,330,303,287,290,309,298,286,283,306,304,310,304,303,295,278,292,300,304,311,302,357,301,312,327,259,309,328,294,330,291,314,330,316,308,338,335,323,327,299,306,313
5705,7370,711,696,677,673,685,695,697,704,671,685,700,680,730,654,644,716,722,705,709,725,646,681,683,722,688,655,653,735,715,670,652,682,711,680,731,625,696,706,694,673,679,712,677,682,639,641,681,677,715,669
9044,7364,229,251,253,249,243,269,266,259,238,271,250,250,237,263,300,261,251,263,255,259,263,243,235,244,240,262,280,262,252,264,251,249,254,240,244,249,252,255,222,261,251,290,247,279,244,238,250,254,258,268
9140,7274,408,356,396,379,392,398,343,399,402,411,376,397,384,397,381,406,367,394,381,418,407,377,378,423,418,393,367,454,405,416,394,376,381,388,377,405,394,396,393,360,409,404,383,366,374,410,362,386,397,395
5117,7264,756,770,771,786,783,802,824,744,804,783,793,739,767,778,815,778,768,823,788,786,741,798,804,749,767,813,752,834,826,788,796,831,823,818,796,798,775,783,792,786,812,835,854,754,851,809,737,782,797,781
9182,7252,337,318,343,351,378,361,320,331,370,332,356,323,352,347,317,337,337,336,292,324,354,322,365,374,344,307,354,347,308,324,326,356,345,346,381,371,313,337,355,310,364,395,322,375,332,370,314,326,346,320
2749,7121,873,899,917,874,885,875,897,917,858,900,908,916,913,896,812,817,882,890,892,913,888,904,895,876,910,882,866,879,871,940,918,890,864,856,927,884,909,911,908,907,860,877,904,902,875,904,904,883,862,878
8488,7094,321,322,329,344,331,355,318,287,303,321,322,308,313,335,333,308,347,306,291,316,287,317,356,328,331,330,326,317,314,323,355,311,302,334,321,295,332,313,341,355,290,326,310,322,335,318,328,351,324,306
5871,7074,491,487,490,503,466,543,442,490,545,515,510,529,498,487,522,480,558,496,502,506,514,450,500,525,510,462,518,544,509,521,459,491,515,521,489,482,507,443,500,514,554,509,529,498,451,541,483,550,536,553
2604,7054,457,456,450,480,503,474,479,466,470,492,468,487,471,497,460,498,485,484,453,476,495,459,483,474,509,476,500,526,465,451,481,491,480,504,499,471,482,467,521,507,485,500,463,472,464,486,472,484,483,496
899,6432,373,449,415,429,448,441,406,419,395,405,381,414,389,417,432,395,425,385,412,389,403,415,383,383,421,429,451,410,424,430,390,408,363,417,415,402,360,392,421,391,402,425,425,399,386,403,386,420,393,390
5387,4622,473,513,476,470,513,497,476,480,547,501,468,496,519,510,495,450,513,496,488,486,520,460,474,483,487,502,453,490,525,460,450,511,470,444,492,489,499,475,528,494,491,499,512,476,466,441,475,495,524,480
2220,3793,354,362,361,378,338,351,332,364,331,350,342,354,359,332,352,342,354,367,373,373,348,344,350,345,367,367,348,341,363,327,382,343,376,368,351,351,369,360,358,374,345,383,362,312,345,342,372,344,351,357
3071,3540,374,362,351,338,345,379,350,349,324,353,349,359,344,353,346,365,354,361,378,337,377,394,323,344,361,359,332,399,360,363,354,372,344,388,360,381,339,344,362,344,385,329,361,390,357,380,337,369,342,328
5519,3208,378,418,382,372,389,419,382,376,398,375,361,416,358,411,411,378,394,404,370,383,374,392,414,421,391,377,389,362,338,398,406,384,381,417,376,393,402,384,401,399,417,406,373,404,395,387,385,387,391,396
7150,3116,285,306,294,274,269,300,293,307,296,303,285,309,276,284,290,349,299,303,296,285,278,305,305,275,269,295,293,294,280,307,315,286,287,274,290,292,297,282,298,295,261,303,326,323,304,306,292,290,287,268
6329,2866,286,279,276,266,283,267,284,275,296,242,275,276,272,288,258,230,259,283,280,279,249,250,304,276,248,246,272,252,265,266,257,255,272,276,281,260,264,247,286,247,264,270,284,289,288,260,250,266,244,280
6323,2712,147,156,169,134,133,161,156,156,159,141,177,141,162,148,167,162,139,161,156,165,151,170,153,154,142,181,171,159,184,168,155,167,159,153,161,172,145,147,168,152,164,128,154,151,171,165,176,159,162,132
2851,2620,212,243,241,242,238,243,224,257,200,230,231,218,220,221,242,235,232,240,236,225,235,223,193,211,233,214,225,248,221,229,230,226,248,231,219,231,221,202,217,238,207,214,214,232,219,231,216,224,246,224
7666,2512,148,116,132,136,141,142,133,128,119,114,115,162,133,140,141,149,137,134,128,130,147,134,140,132,131,130,156,123,123,132,108,132,152,132,139,151,118,138,136,124,142,141,146,153,135,134,129,117,131,129
9936,2480,321,319,340,351,354,329,367,329,322,308,356,334,315,330,312,321,350,336,357,303,339,329,337,326,306,345,329,318,311,337,303,311,300,331,322,333,354,335,325,341,305,345,320,359,331,355,307,338,353,343
2869,2319,321,376,347,362,345,331,334,341,334,331,340,314,334,360,355,367,336,314,366,351,376,332,337,350,348,346,344,358,338,364,365,362,336,355,341,337,317,337,328,339,359,361,346,350,358,363,337,338,360,360
5375,2281,366,431,404,413,389,380,399,405,373,375,382,363,409,361,375,399,416,393,396,383,379,387,375,407,377,404,366,349,359,367,438,383,386,381,429,360,385,386,426,385,418,381,397,395,399,369,385,395,372,381
4671,2201,405,427,387,427,422,439,430,418,344,359,391,400,392,373,420,447,374,402,377,403,367,396,408,411,413,395,368,396,377,382,417,420,419,375,367,366,369,391,389,396,412,425,339,415,439,395,378,395,392,368
4515,2159,1020,986,961,1008,964,973,984,960,1012,975,992,983,1016,996,954,989,1022,997,982,997,996,982,1037,973,957,951,941,1046,1019,985,983,984,974,982,983,958,952,959,998,1002,975,904,1023,995,980,1063,1022,996,944,965
9667,2092,201,182,202,227,176,189,205,195,211,210,232,210,176,189,205,207,214,209,204,219,205,201,202,205,212,188,197,208,201,197,186,215,182,195,211,217,199,238,226,210,199,209,166,209,195,199,188,209,204,195
6241,2024,172,142,156,170,148,159,160,149,160,154,155,180,134,144,140,145,164,170,167,142,138,148,172,139,164,144,167,168,143,191,150,136,165,169,166,167,172,158,147,154,171,169,156,150,150,152,149,174,170,165
2992,1974,209,183,202,204,234,209,205,228,233,223,219,216,211,218,189,220,196,213,203,203,205,197,198,215,199,204,197,235,217,210,232,211,214,211,208,229,199,205,237,235,251,207,206,210,194,213,242,196,201,198
4365,1920,302,357,343,361,331,310,334,357,364,332,328,349,331,306,344,332,334,296,323,359,324,358,340,335,335,283,354,313,331,339,331,312,336,323,312,313,325,319,316,324,308,328,320,350,319,304,336,325,356,370
3931,1881,287,298,289,283,310,286,308,267,310,302,272,275,289,291,298,294,297,315,308,259,311,296,306,285,289,303,287,296,293,280,283,306,302,279,269,299,274,308,289,291,340,279,306,274,318,288,333,294,303,297
1641,1833,143,166,122,154,149,155,135,145,161,138,154,126,144,136,137,143,162,143,171,163,155,126,151,126,144,150,142,155,112,166,134,157,160,145,135,133,127,141,162,164,146,172,155,138,139,135,160,138,165,121
9523,1777,115,114,99,124,113,105,110,95,108,112,144,112,101,124,107,115,97,99,93,116,118,127,107,109,126,112,101,120,98,117,120,105,115,102,116,117,94,109,109,136,97,135,103,118,127,102,121,118,117,125
4076,1759,352,314,365,329,327,340,360,327,354,345,371,361,334,341,337,385,319,353,304,359,345,338,371,323,359,348,323,342,339,371,360,384,365,328,365,356,367,336,360,340,347,360,312,380,376,378,362,335,334,352
1801,1724,259,244,254,268,236,240,229,256,218,258,239,259,248,266,267,253,232,250,265,279,228,254,274,252,243,222,224,248,246,241,233,244,243,238,240,231,243,247,282,266,241,248,242,269,259,248,273,246,242,245
3881,1665,75,68,61,59,67,87,66,87,51,71,57,65,66,62,45,70,68,55,59,53,83,59,74,73,64,61,66,57,63,69,67,64,65,57,81,69,53,60,54,80,61,51,65,70,64,75,66,59,64,69
7497,1655,198,191,188,205,205,195,189,191,212,215,189,209,207,245,205,196,204,181,197,197,201,215,206,185,211,193,205,172,212,189,222,207,208,182,170,215,185,205,208,176,198,203,189,197,214,191,195,221,203,215
6349,1630,327,350,319,285,297,288,328,301,315,331,301,326,316,324,336,298,297,332,323,313,298,320,329,309,319,315,309,315,305,277,332,332,306,329,325,316,294,335,305,337,298,327,317,341,305,279,317,309,320,324
1073,1588,302,302,298,309,323,290,307,293,292,285,280,304,298,323,302,325,323,302,323,325,308,302,321,338,298,320,331,288,289,301,318,302,292,325,300,326,307,299,289,278,311,322,310,311,305,310,305,300,288,277
9571,1560,187,189,192,214,196,189,193,174,201,190,212,228,187,197,180,211,183,179,207,213,180,203,205,197,201,197,182,185,207,189,179,181,189,173,186,182,228,184,184,173,180,195,192,180,183,190,193,181,168,173
3177,1529,233,210,216,270,236,230,232,244,234,237,229,225,238,237,259,227,221,248,243,244,244,195,231,236,243,235,233,217,234,240,235,241,222,264,232,228,238,246,214,239,215,230,229,229,232,238,234,219,249,219
1985,1511,152,154,158,147,161,138,166,148,161,163,144,162,150,148,169,186,155,163,168,148,169,142,151,145,153,145,164,137,145,176,143,167,135,143,149,156,152,146,150,168,169,168,150,152,159,148,153,163,166,141
5479,1488,137,132,151,128,150,162,143,127,145,131,127,116,141,143,120,134,152,150,132,148,121,139,123,127,137,139,111,129,151,131,138,141,136,140,133,121,123,137,142,134,136,150,121,130,109,121,134,143,142,152
1285,1455,208,202,224,220,214,205,224,234,215,233,198,207,218,213,227,255,224,235,213,215,243,226,221,238,196,224,201,223,232,235,220,212,214,221,235,219,235,222,220,222,222,207,213,220,233,218,232,226,227,211
10357,1430,228,234,198,223,206,221,218,191,216,239,212,240,205,223,228,229,240,202,219,211,232,250,227,244,214,233,200,208,253,238,195,211,210,228,225,226,243,233,249,227,229,217,218,188,254,208,188,216,190,220
3918,1401,209,241,234,221,216,215,241,223,240,209,216,228,219,192,224,238,234,215,213,230,228,217,223,227,235,227,219,242,201,208,242,243,222,228,218,229,233,244,206,203,240,213,208,227,218,240,198,219,231,239
1338,1390,127,136,146,133,132,139,165,138,137,135,156,134,127,154,152,143,150,126,116,150,136,149,127,137,128,135,128,125,160,125,128,144,137,150,125,127,127,134,130,154,135,128,153,146,139,128,136,136,143,162
10150,1353,132,123,134,134,132,144,142,117,151,145,136,119,137,124,133,131,139,129,130,121,134,147,135,147,131,133,139,126,132,147,115,151,123,118,95,124,145,135,136,139,128,118,125,116,113,122,109,137,140,128
2264,1329,158,152,155,122,161,158,154,140,176,173,160,164,148,146,147,174,153,162,165,159,151,168,157,156,166,147,139,121,166,173,166,152,138,163,158,167,159,145,166,127,156,175,168,136,166,148,170,155,164,165
853,1319,111,87,118,95,96,99,98,95,99,111,93,90,104,95,90,87,85,89,94,104,100,93,114,94,100,97,84,110,89,80,108,86,86,88,98,99,121,107,94,106,99,102,95,91,91,102,79,98,95,85
7266,1292,155,188,178,173,168,180,164,198,161,179,155,172,178,171,144,179,158,158,157,154,188,163,146,172,172,193,195,148,163,179,173,181,166,149,180,179,188,164,170,173,185,168,172,169,165,158,170,153,185,176
9715,1264,119,108,136,123,131,120,121,119,125,120,129,135,116,105,121,135,126,119,110,131,137,133,126,127,126,118,110,120,104,124,140,108,127,120,133,118,136,123,107,102,116,119,128,103,115,109,115,111,122,108
9712,1258,162,185,173,199,202,190,184,189,175,189,176,210,194,175,156,172,176,182,195,201,211,185,174,192,194,199,174,169,202,199,191,182,181,177,210,158,179,178,169,179,167,220,188,178,180,175,207,175,195,194
7673,1219,56,85,64,55,75,73,64,74,60,58,74,57,43,61,64,59,56,82,64,59,63,68,85,55,68,63,66,76,65,68,64,69,74,71,56,69,65,73,47,68,61,62,64,81,64,55,63,48,65,49
10356,1212,231,219,216,203,234,201,239,196,237,211,241,214,244,218,235,217,222,231,236,209,198,209,229,234,203,255,203,244,219,234,248,233,232,231,250,215,200,250,220,220,244,232,214,211,236,226,226,209,191,245
919,1182,79,92,98,101,121,98,108,84,104,92,115,82,116,95,94,101,111,83,91,115,94,101,91,101,99,77,114,112,97,100,106,82,100,105,107,97,94,85,113,106,102,97,85,82,102,88,91,87,80,98
1814,1176,148,174,175,174,140,167,153,147,150,142,180,173,151,164,177,184,168,145,159,180,146,140,174,166,159,177,175,146,163,169,171,172,175,169,145,159,159,142,149,153,141,177,145,146,193,169,176,169,173,173
2347,1161,63,63,79,92,62,78,73,73,79,75,80,79,66,83,86,91,69,84,97,69,67,82,78,61,85,73,90,71,71,88,69,81,69,79,84,74,63,69,71,74,72,83,64,62,74,72,63,72,60,70
8678,1134,323,321,312,287,344,328,312,310,311,345,318,329,317,361,337,375,341,343,303,325,358,320,361,330,349,334,341,326,318,313,344,307,332,320,316,338,346,328,318,333,346,325,318,354,334,329,325,326,333,345
9404,1111,88,90,87,98,98,99,87,79,77,79,92,92,90,88,96,102,88,82,83,78,101,85,97,86,94,87,72,98,107,102,89,70,79,96,98,85,86,90,96,96,92,99,83,93,84,104,81,73,77,79
2212,1105,151,157,163,175,149,170,155,162,162,165,162,161,153,158,146,149,167,154,156,153,143,144,160,172,165,166,173,160,150,135,149,151,171,152,152,146,155,160,168,148,147,135,178,146,162,164,165,175,158,142
10397,1081,158,136,159,143,143,132,135,142,157,142,147,148,166,135,130,137,148,118,153,135,123,142,173,142,128,148,122,144,154,128,155,156,147,142,129,146,134,141,145,140,141,135,126,130,142,123,140,168,135,132
9193,1072,201,207,183,164,154,162,203,181,215,188,173,175,200,200,194,201,184,200,203,193,176,175,208,179,203,191,205,185,182,191,181,194,193,171,192,187,203,166,218,167,213,188,204,191,159,189,192,191,175,189
9716,1050,126,126,130,105,117,121,132,104,121,104,117,124,111,124,101,99,109,105,113,138,113,120,124,115,134,119,128,120,128,125,104,111,136,135,119,116,115,124,132,107,146,131,129,105,138,114,104,110,126,100
5921,1035,90,78,96,108,78,83,92,108,96,86,75,98,91,69,102,77,82,95,95,89,81,86,95,91,77,87,92,92,89,78,107,85,88,69,85,89,89,85,87,79,88,84,95,95,114,91,85,92,86,94
5270,1022,183,166,165,172,183,169,158,169,173,151,172,173,185,163,160,168,177,165,160,170,174,160,186,150,173,145,141,158,160,156,166,160,138,169,170,156,161,158,180,167,175,172,161,170,170,148,163,173,163,166
2446,1012,87,108,103,97,99,96,93,107,105,113,114,94,96,89,81,85,89,88,93,90,71,123,100,85,90,97,98,95,83,110,100,89,101,90,90,108,94,120,98,96,84,98,86,90,91,90,90,104,85,88
1631,991,150,136,153,146,122,151,143,142,153,156,130,161,156,132,143,133,174,150,134,151,150,137,125,137,142,145,136,126,143,163,141,135,139,150,139,157,143,144,129,148,156,161,144,129,136,156,156,141,161,127
3409,966,271,235,284,262,249,284,249,257,238,271,229,290,258,245,258,281,269,256,227,290,259,279,270,260,268,253,277,254,273,259,255,280,249,272,267,269,254,249,247,269,256,255,277,288,244,260,270,232,270,285
4178,962,125,120,109,124,133,129,121,139,130,129,126,136,125,143,110,124,134,124,127,138,127,144,112,122,118,111,131,132,129,115,121,112,127,119,135,140,137,128,118,133,118,122,130,129,120,118,121,121,122,130
1845,943,164,128,133,146,147,147,163,154,117,165,129,136,141,126,157,141,122,130,128,153,145,126,132,135,137,134,141,144,138,148,139,145,144,143,125,126,132,143,115,131,138,134,133,122,160,125,150,134,139,139
6098,934,173,159,157,165,170,171,152,167,181,155,199,177,168,178,184,163,181,189,185,191,195,172,160,165,163,177,187,172,162,184,175,185,175,170,154,181,145,202,178,158,165,189,170,200,175,185,175,179,168,176
10164,915,85,74,92,81,84,67,80,62,99,97,85,88,72,87,89,91,88,100,82,71,85,83,74,72,86,84,76,85,82,77,65,103,69,76,75,89,84,83,74,90,83,86,73,83,93,81,86,70,67,77
598,903,123,107,112,118,97,108,88,98,91,116,99,138,105,118,115,115,120,118,133,108,93,100,114,109,111,113,114,99,121,119,116,109,120,118,100,101,124,103,127,118,91,122,111,137,122,119,121,105,122,105
10611,892,131,131,139,128,134,140,131,145,130,133,125,151,142,140,135,144,140,151,119,141,136,167,162,141,140,151,156,141,146,131,129,131,105,146,132,140,119,130,132,142,145,136,140,121,151,142,121,139,131,139
1944,875,101,91,97,89,107,86,87,86,90,101,94,85,117,107,79,97,105,98,97,93,103,90,96,85,105,95,89,97,101,105,84,98,95,108,94,85,79,90,93,86,97,88,80,109,103,91,86,90,93,94
3390,867,164,145,145,167,174,154,136,176,153,158,155,152,165,157,161,179,157,169,161,170,166,180,168,149,153,179,177,167,160,153,170,162,167,171,157,163,168,155,167,142,151,164,179,183,163,185,185,163,142,179
10119,847,168,141,131,161,149,164,121,165,153,155,155,154,152,153,136,136,137,145,156,142,157,140,140,151,147,164,160,157,156,151,162,150,150,156,163,157,146,165,153,144,157,163,152,146,138,145,150,153,170,123
10350,833,130,150,164,135,142,182,151,148,155,146,163,140,156,150,139,133,171,146,138,148,128,157,158,149,136,160,153,164,161,129,155,135,147,136,134,155,131,140,144,182,126,146,141,131,159,163,149,136,159,146
1100,822,131,144,148,122,139,173,163,151,161,139,162,160,143,142,146,150,147,148,146,129,147,154,134,159,129,141,145,132,143,146,182,164,155,144,143,162,130,141,135,159,155,153,144,127,127,150,153,139,138,160
3749,806,75,53,67,53,51,59,64,56,62,56,51,53,53,58,53,64,55,62,66,52,64,58,48,49,63,50,62,64,60,66,65,53,66,60,47,44,58,57,42,46,58,56,60,63,54,53,59,56,58,61
4131,804,145,153,164,159,158,124,124,164,162,158,133,162,132,125,132,143,139,144,157,161,184,139,145,139,151,166,150,157,154,137,165,142,139,139,142,144,157,145,128,169,179,133,141,139,140,171,145,135,148,150
1572,781,139,119,134,135,125,136,134,148,159,160,137,169,139,132,133,145,131,158,153,127,142,156,153,125,121,142,145,124,138,126,124,155,145,146,138,138,135,145,151,133,136,144,142,147,143,138,124,163,166,122
4780,768,103,110,116,118,102,105,108,110,124,114,115,102,112,130,120,129,115,90,104,111,110,122,122,123,130,115,112,126,107,120,103,102,107,108,97,107,119,115,105,102,126,95,112,108,132,106,126,107,110,122
837,761,92,104,104,111,80,88,101,116,80,91,110,110,85,105,87,103,106,111,124,102,91,96,100,98,85,98,103,102,112,99,105,113,79,117,99,95,102,110,88,97,94,87,117,110,112,91,102,91,92,99
8676,746,183,164,165,154,190,164,175,166,145,165,167,164,179,159,175,174,171,183,167,161,167,153,156,184,178,143,161,165,172,145,174,188,169,165,192,162,166,167,168,168,179,150,189,178,165,177,189,164,155,176
10450,736,131,139,146,141,156,120,146,166,134,136,134,136,141,150,151,153,145,136,135,162,140,130,153,150,135,160,134,142,125,123,153,130,133,144,145,143,128,129,153,149,145,143,120,141,126,145,137,143,148,135
1948,726,56,75,77,64,65,70,55,66,59,77,65,72,85,73,67,69,59,69,53,79,78,69,73,79,56,78,65,63,63,67,65,65,56,83,66,62,70,71,56,84,65,72,71,73,59,64,62,57,68,69
362,710,129,127,127,133,123,166,128,122,114,135,136,121,134,123,119,145,116,136,116,125,126,129,113,145,134,125,131,130,116,153,132,113,130,126,130,111,138,123,121,157,134,124,138,117,114,129,129,147,128,136
1408,694,84,81,82,94,81,79,66,100,72,80,77,84,90,76,84,94,92,81,83,97,85,92,101,97,97,96,71,92,96,88,82,86,99,97,80,96,85,93,104,82,71,79,103,86,100,76,88,77,75,86
1662,687,145,133,113,142,121,123,134,131,146,144,139,134,125,128,110,125,140,128,128,135,123,153,120,114,128,121,131,126,132,125,125,123,130,130,128,117,143,125,115,129,117,130,126,126,130,127,130,122,128,116
4448,670,51,53,59,52,62,46,49,54,63,63,44,45,53,41,54,43,50,54,46,64,45,56,38,49,56,43,40,56,49,42,41,48,49,37,56,56,62,52,65,52,55,64,52,52,48,62,59,42,52,57
5032,659,104,95,102,108,93,110,95,118,99,98,120,113,101,98,82,93,110,121,90,92,95,95,90,96,80,93,99,81,112,94,109,100,94,89,101,89,93,110,100,78,102,93,107,92,103,103,110,96,90,109
874,639,144,150,151,148,174,182,154,136,163,167,156,158,151,148,144,169,184,137,144,142,148,152,164,142,142,173,143,159,158,170,142,163,144,147,160,162,150,177,152,163,141,143,151,149,137,141,163,128,137,156
10023,633,123,120,121,132,130,117,105,132,143,134,137,109,134,150,126,129,123,148,136,131,133,129,137,152,135,117,167,150,109,136,126,143,128,159,137,117,119,122,135,138,121,113,152,117,135,130,118,130,162,134
4866,615,151,115,140,131,112,106,116,116,119,116,99,117,114,118,115,131,116,114,91,103,123,113,119,107,110,91,117,107,117,115,119,120,139,127,127,117,96,126,110,123,125,130,135,99,111,123,107,110,133,111
7546,598,59,55,54,47,49,42,40,39,46,46,57,42,44,43,39,57,41,31,51,38,50,43,42,39,45,42,46,44,42,47,53,56,54,49,50,45,53,42,50,53,43,45,53,35,65,48,44,49,33,44
4863,591,115,120,109,88,117,106,112,130,118,119,127,114,98,109,90,100,109,116,114,121,104,127,107,106,112,111,102,108,111,119,105,96,104,110,106,108,112,114,99,111,108,106,97,107,107,113,107,116,96,115
6688,580,50,53,57,63,62,49,53,50,46,51,52,50,50,61,57,55,55,44,47,51,57,48,52,50,46,52,52,48,59,48,42,42,56,61,66,45,54,56,47,40,42,62,51,48,44,51,45,41,53,39
3014,560,61,77,72,62,61,75,70,65,72,83,67,56,61,73,85,72,75,67,73,67,70,56,82,59,62,77,64,54,66,64,70,63,66,59,51,55,84,69,69,69,52,61,59,62,67,64,70,69,74,87
6282,547,139,117,130,144,122,137,141,143,132,138,138,123,103,160,105,142,118,135,133,116,146,134,129,145,129,128,122,137,109,110,121,134,112,133,136,126,132,132,116,144,136,152,152,128,135,142,140,126,132,126
7413,534,105,111,118,100,109,118,107,104,116,127,93,111,97,124,106,111,107,117,111,109,113,105,118,109,94,114,91,108,127,120,119,132,97,108,100,100,121,129,119,115,106,112,111,111,99,108,107,106,102,99
196,512,66,60,64,64,74,60,49,57,69,50,67,51,63,60,66,64,49,65,54,58,69,58,62,72,65,50,56,69,66,60,66,55,49,74,54,57,56,69,65,60,53,63,66,55,60,58,49,65,53,65
925,501,120,74,77,90,98,89,89,101,93,86,98,101,89,94,108,89,83,94,92,89,103,97,108,94,106,102,93,89,97,95,91,106,91,100,82,83,97,100,96,93,107,77,92,87,102,101,89,100,113,92
5468,483,77,98,75,95,89,85,79,81,93,93,88,81,103,70,88,77,90,91,90,90,90,99,84,81,84,78,81,72,77,94,94,75,81,91,89,75,89,103,82,96,90,85,93,84,74,83,92,83,72,86
4039,469,230,240,229,208,226,222,220,203,214,235,228,233,229,223,233,237,234,228,260,237,240,238,213,231,245,255,227,235,237,218,231,228,212,217,211,216,240,245,210,234,226,258,222,214,213,251,220,227,232,255
388,439,95,106,105,103,93,100,93,79,88,95,84,101,87,94,97,86,93,93,95,79,82,98,108,98,95,96,101,81,91,88,101,107,95,93,92,90,93,114,89,105,94,85,90,84,87,96,103,84,81,88
4725,436,94,93,87,82,98,83,86,103,89,110,104,85,81,95,92,89,79,100,94,95,86,95,92,98,76,94,89,87,104,82,91,94,109,94,75,94,86,92,89,98,87,92,82,107,75,102,90,89,81,88
4135,404,89,86,80,76,73,76,63,58,76,66,77,71,82,89,67,72,83,58,84,65,89,72,78,70,69,76,80,70,92,88,86,76,69,74,68,74,69,70,68,76,67,72,76,82,89,77,74,76,76,75
5011,393,81,76,63,70,59,81,94,54,89,84,72,56,60,88,69,59,55,65,81,74,81,83,52,69,71,71,74,69,70,66,75,67,74,59,65,67,74,55,83,81,71,72,67,75,78,85,61,67,69,89
10932,377,37,28,37,42,41,49,42,35,37,35,39,42,47,43,45,36,47,43,53,41,36,34,41,48,47,39,29,55,37,30,53,40,39,43,35,59,40,38,43,38,39,48,40,38,26,32,36,44,34,39
8745,346,96,82,78,79,76,98,79,87,86,93,73,62,79,97,75,95,93,77,75,72,93,85,82,97,77,88,80,72,87,87,99,89,91,80,81,76,86,77,99,89,82,81,101,81,67,74,73,100,79,79
7999,320,70,58,72,84,75,80,75,66,74,94,71,77,76,82,85,57,67,83,72,73,86,75,92,84,63,74,75,73,73,69,67,70,83,59,84,69,61,71,70,63,70,79,89,68,85,75,66,86,74,65
8885,301,63,63,71,72,68,59,50,73,66,55,64,66,58,60,60,66,64,64,75,76,65,54,57,73,77,68,58,60,64,67,68,71,54,78,64,89,63,74,59,62,57,57,59,62,49,69,65,64,57,71
4182,275,133,136,108,141,104,115,133,121,142,136,121,133,148,121,122,117,139,118,119,129,116,143,120,143,116,133,128,145,145,128,125,128,111,113,131,119,119,129,119,109,127,124,112,127,107,148,99,112,115,104
7362,259,35,38,50,50,46,44,46,51,47,35,42,46,26,41,48,43,44,37,34,38,46,42,46,40,39,53,40,50,48,38,48,38,41,40,31,46,41,38,41,38,45,38,34,39,48,44,44,42,36,48
6718,219,44,39,56,51,41,46,43,48,40,48,45,58,55,42,36,46,39,61,48,54,52,57,54,37,37,50,46,56,57,45,50,51,39,47,52,44,37,54,52,44,50,39,47,52,46,43,43,52,58,47
6721,189,54,35,38,42,50,36,34,36,43,34,40,41,32,47,50,39,38,47,46,33,48,44,35,47,42,38,39,31,34,32,35,45,31,43,44,45,34,32,36,35,31,37,33,55,35,35,38,45,35,47
6223,167,45,56,52,46,42,50,49,28,39,47,37,39,53,38,51,39,37,38,56,40,46,45,47,34,46,48,44,43,46,45,46,38,45,30,49,54,47,51,46,50,32,51,42,51,42,45,52,52,41,49
